"Date","Time","Latitude","Longitude","Altitude","Speed","Course","Type","Distance","Essential"
"2016-10-16","03:58:12",-16.393469,-71.501335,2497.22,216,59,-2,0,1
"2016-10-16","03:58:31",-16.393438,-71.50132,2496.54,0,20,-1,3.8,1
"2016-10-16","03:59:42",-16.393471,-71.501335,2506.16,396,296,-1,4,1
"2016-10-16","03:59:54",-16.393454,-71.501389,2518.57,1296,267,-1,6.06,1
"2016-10-16","04:02:59",-16.393417,-71.501213,2530.15,0,0,0,19.22,1
"2016-10-16","04:06:05",-16.393421,-71.501228,2505.96,0,0,0,1.66,1
"2016-10-16","04:09:15",-16.39341,-71.501221,2512.18,0,104,0,1.43,1
"2016-10-16","04:12:25",-16.393402,-71.501198,2511.97,0,0,0,2.61,1
"2016-10-16","04:15:37",-16.393387,-71.501167,2509.77,0,0,0,3.7,1
"2016-10-16","04:18:49",-16.393351,-71.501213,2512.48,324,0,0,6.33,1
"2016-10-16","04:22:01",-16.393377,-71.501106,2512.09,0,0,0,11.77,1
"2016-10-16","04:25:16",-16.393353,-71.501183,2526.21,0,333,0,8.64,1
"2016-10-16","04:28:30",-16.393404,-71.501175,2508.53,1512,187,0,5.73,1
"2016-10-16","04:31:42",-16.393358,-71.501167,2520.84,612,27,0,5.19,1
"2016-10-16","04:34:50",-16.39337,-71.501297,2525.52,0,0,0,13.93,1
"2016-10-16","04:38:04",-16.393379,-71.50132,2526.72,108,345,0,2.65,1
"2016-10-16","04:41:14",-16.393351,-71.501274,2522.73,0,0,0,5.81,1
"2016-10-16","04:44:32",-16.393305,-71.501274,2557.71,1224,28,0,5.11,1
"2016-10-16","04:48:05",-16.393444,-71.501274,2490.74,1008,222,0,15.46,1
"2016-10-16","04:51:24",-16.393463,-71.50119,2491.72,2556,48,0,9.21,1
"2016-10-16","04:54:43",-16.393459,-71.501328,2516.64,756,233,0,14.73,1
"2016-10-16","05:00:49",-16.393501,-71.501289,2493.89,1584,123,0,6.25,1
"2016-10-16","05:12:52",-16.393436,-71.501366,2509.94,2088,223,0,10.94,1
"2016-10-16","05:27:56",-16.393595,-71.501465,2534.18,2556,247,0,20.59,1
"2016-10-16","05:41:44",-16.393541,-71.50132,2495.95,756,30,0,16.59,1
"2016-10-16","05:56:02",-16.393169,-71.500977,2508.7,396,236,0,55.23,1
"2016-10-16","05:59:19",-16.393511,-71.501205,2504.76,1224,207,0,45.14,1
"2016-10-16","06:08:02",-16.393379,-71.501213,2516.63,1872,41,0,14.7,1
"2016-10-16","06:55:44",-16.393379,-71.501213,2516.63,1872,41,0,0,1
"2016-10-16","07:01:41",-16.393467,-71.500839,2741.77,1044,241,0,41.08,1
"2016-10-16","07:05:56",-16.393557,-71.501358,2511.29,5184,38,0,56.26,1
"2016-10-16","07:18:58",-16.393471,-71.501198,2505.97,0,27,0,19.56,1
"2016-10-16","07:22:06",-16.39357,-71.501236,2528.84,0,115,0,11.73,1
"2016-10-16","07:25:13",-16.393299,-71.501038,2499.81,0,0,0,36.8,1
"2016-10-16","07:28:19",-16.393234,-71.500832,2509.12,7560,272,0,23.13,1
"2016-10-16","07:31:53",-16.393375,-71.501266,2525.84,1764,26,0,48.88,1
"2016-10-16","07:37:08",-16.393394,-71.501259,2519.89,1260,69,0,2.24,1
"2016-10-16","07:40:17",-16.393469,-71.501266,2564.07,2772,236,0,8.37,1
"2016-10-16","07:43:28",-16.393515,-71.501381,2595.16,0,40,0,13.29,1
"2016-10-16","07:46:36",-16.393345,-71.501175,2504.41,2088,62,0,28.99,1
"2016-10-16","07:49:57",-16.3934,-71.50116,2509.05,756,117,0,6.32,1
"2016-10-16","07:53:05",-16.393484,-71.501183,2533.84,2736,257,0,9.66,1
"2016-10-16","07:56:36",-16.393259,-71.500931,2499.55,5976,305,0,36.72,1
"2016-10-16","08:01:05",-16.393324,-71.501183,2533.44,6804,231,0,27.84,1
"2016-10-16","08:10:46",-16.393324,-71.501183,2533.44,6804,231,0,0,1
"2016-10-16","08:14:26",-16.393345,-71.500885,2535.56,2052,2,0,31.87,1
"2016-10-16","08:20:01",-16.393204,-71.501053,2507.04,0,0,0,23.81,1
"2016-10-16","08:23:12",-16.393333,-71.501183,2490.98,1008,165,0,19.95,1
"2016-10-16","08:26:20",-16.393236,-71.50119,2510.04,1116,59,0,10.81,1
"2016-10-16","08:29:27",-16.393414,-71.501213,2508.6,0,288,0,19.94,1
"2016-10-16","08:32:33",-16.393221,-71.501114,2503.62,0,0,0,23.92,1
"2016-10-16","08:35:40",-16.393202,-71.501114,2515.71,0,0,0,2.11,1
"2016-10-16","08:38:47",-16.393293,-71.501091,2513.87,0,110,0,10.41,1
"2016-10-16","08:41:54",-16.393333,-71.501244,2519.62,432,0,0,16.92,1
"2016-10-16","08:45:03",-16.393398,-71.501205,2510.6,648,62,0,8.34,1
"2016-10-16","08:48:10",-16.393295,-71.501274,2528.74,0,0,0,13.61,1
"2016-10-16","08:51:17",-16.393389,-71.501183,2525.68,0,314,0,14.26,1
"2016-10-16","08:54:24",-16.393324,-71.501198,2508.52,0,0,0,7.4,1
"2016-10-16","08:57:31",-16.393345,-71.501259,2498.6,0,278,0,6.91,1
"2016-10-16","09:00:38",-16.393332,-71.50116,2508.41,6048,242,0,10.66,1
"2016-10-16","09:04:00",-16.393457,-71.501373,2494.56,468,102,-1,26.64,1
"2016-10-16","09:07:12",-16.394642,-71.501656,2651.88,2520,347,0,135.18,1
"2016-10-16","09:10:33",-16.393343,-71.501366,2504.13,2844,4,0,147.72,1
"2016-10-16","09:13:41",-16.393137,-71.501305,2481.34,0,235,0,23.81,1
"2016-10-16","09:16:53",-16.393305,-71.501335,2508.03,756,323,0,18.95,1
"2016-10-16","09:20:00",-16.393362,-71.501205,2499.62,1368,216,0,15.25,1
"2016-10-16","09:23:06",-16.393196,-71.501373,2508.41,3060,239,0,25.73,1
"2016-10-16","09:26:13",-16.393263,-71.50132,2497.07,504,262,0,9.35,1
"2016-10-16","09:27:59",-16.393187,-71.501312,2493.65,2520,187,-1,8.49,1
"2016-10-16","09:30:59",-16.393415,-71.500916,2562.92,7092,114,-1,49.27,1
"2016-10-16","09:34:19",-16.393303,-71.501137,2521.23,1908,111,0,26.66,1
"2016-10-16","09:38:49",-16.393314,-71.500839,2588.44,16632,98,0,31.81,1
"2016-10-16","09:39:32",-16.393208,-71.501091,2494.6,2772,257,0,29.35,1
"2016-10-16","09:43:15",-16.393326,-71.50119,2478.75,1908,6,0,16.84,1
"2016-10-16","09:48:48",-16.393326,-71.50119,2478.75,1908,6,0,0,1
"2016-10-16","09:51:59",-16.393215,-71.501099,2501.4,828,0,0,15.7,1
"2016-10-16","09:55:16",-16.393255,-71.500992,2528.19,2700,205,0,12.25,1
"2016-10-16","09:59:08",-16.393225,-71.501366,2497.31,792,310,0,40.04,1
"2016-10-16","10:02:32",-16.393246,-71.501144,2503.22,216,126,0,23.8,1
"2016-10-16","10:06:14",-16.393225,-71.501167,2514.59,2556,345,0,3.39,1
"2016-10-16","10:09:21",-16.393301,-71.501167,2508.36,0,343,0,8.45,1
"2016-10-16","10:12:28",-16.393324,-71.50116,2500.93,0,180,0,2.66,1
"2016-10-16","10:15:34",-16.393208,-71.501144,2521.94,0,356,0,13.01,1
"2016-10-16","10:18:41",-16.393251,-71.501183,2500.12,504,27,0,6.34,1
"2016-10-16","10:21:47",-16.393232,-71.501175,2510.53,108,33,0,2.28,1
"2016-10-16","10:24:53",-16.393238,-71.501175,2501.89,576,244,0,0.67,1
"2016-10-16","10:27:59",-16.393175,-71.501129,2522.41,0,44,0,8.55,1
"2016-10-16","10:31:05",-16.393053,-71.501099,2548.54,828,120,0,13.94,1
"2016-10-16","10:34:11",-16.393085,-71.501122,2534.91,540,234,0,4.32,1
"2016-10-16","10:37:18",-16.393215,-71.501144,2516.91,576,340,0,14.64,1
"2016-10-16","10:40:26",-16.393227,-71.501152,2518.54,180,337,0,1.58,1
"2016-10-16","10:43:34",-16.393116,-71.501129,2544.78,252,20,0,12.58,1
"2016-10-16","10:46:39",-16.393196,-71.501144,2518.9,2664,176,0,9.04,1
"2016-10-16","10:49:45",-16.393242,-71.501183,2519.78,0,0,0,6.59,1
"2016-10-16","10:52:57",-16.393229,-71.50119,2515,216,37,0,1.63,1
"2016-10-16","10:56:13",-16.393219,-71.50116,2516.52,288,180,0,3.39,1
"2016-10-16","10:59:31",-16.393202,-71.501122,2532.32,540,63,0,4.47,1
"2016-10-16","11:02:50",-16.393187,-71.501137,2532.9,612,159,0,2.31,1
"2016-10-16","11:06:20",-16.393154,-71.501083,2535.23,1368,197,0,6.83,1
"2016-10-16","11:10:09",-16.393291,-71.501183,2518.42,756,206,0,18.6,1
"2016-10-16","11:27:13",-16.393291,-71.501183,2518.42,756,206,0,0,1
"2016-10-16","11:31:31",-16.39344,-71.501274,2510.22,1116,248,0,19.2,1
"2016-10-16","11:34:46",-16.393312,-71.500992,2514.53,5976,267,0,33.28,1
"2016-10-16","11:37:54",-16.393394,-71.501076,2512.96,360,17,0,12.78,1
"2016-10-16","11:41:04",-16.393419,-71.501091,2514.36,108,125,0,3.21,1
"2016-10-16","11:44:13",-16.393484,-71.50103,2500.44,252,94,0,9.73,1
"2016-10-16","11:47:19",-16.393324,-71.501076,2526.91,180,276,0,18.46,1
"2016-10-16","11:50:25",-16.39337,-71.501099,2518.86,360,49,0,5.67,1
"2016-10-16","11:53:30",-16.39337,-71.501068,2523.77,936,0,0,3.31,1
"2016-10-16","11:56:36",-16.393349,-71.501106,2510.7,396,0,0,4.68,1
"2016-10-16","11:59:43",-16.39333,-71.501114,2497.04,972,347,0,2.28,1
"2016-10-16","12:02:50",-16.393373,-71.501068,2525.08,288,350,0,6.85,1
"2016-10-16","12:05:57",-16.393318,-71.50106,2532.09,468,111,0,6.17,1
"2016-10-16","12:09:04",-16.393351,-71.501068,2531.5,828,105,0,3.77,1
"2016-10-16","12:12:10",-16.393354,-71.501015,2543.27,468,98,0,5.66,1
"2016-10-16","12:15:16",-16.393349,-71.501099,2491.34,2700,320,0,8.98,1
"2016-10-16","12:18:51",-16.393419,-71.501129,2496.61,252,170,0,8.42,1
"2016-10-16","12:21:56",-16.393389,-71.501083,2510.51,0,0,0,5.93,1
"2016-10-16","12:24:59",-16.39344,-71.501053,2529.11,504,0,0,6.51,1
"2016-10-16","12:28:01",-16.393423,-71.501045,2531.28,0,0,0,2.07,1
"2016-10-16","12:31:04",-16.393417,-71.501343,2523.23,2232,233,0,31.8,1
"2016-10-16","12:34:06",-16.393454,-71.501366,2516.95,612,65,0,4.79,1
"2016-10-16","12:37:10",-16.39378,-71.501038,2461.63,0,139,0,50.38,1
"2016-10-16","12:40:14",-16.393446,-71.501396,2507.15,108,161,0,53.27,1
"2016-10-16","12:43:17",-16.393354,-71.501427,2540.86,1044,151,0,10.75,1
"2016-10-16","12:46:21",-16.393415,-71.501366,2534.84,864,268,0,9.4,1
"2016-10-16","12:49:25",-16.393608,-71.50132,2505.33,0,97,0,22.01,1
"2016-10-16","12:52:28",-16.393366,-71.501381,2545,252,343,0,27.68,1
"2016-10-16","12:55:33",-16.39356,-71.501671,2495.3,0,106,0,37.71,1
"2016-10-16","12:58:41",-16.393433,-71.500786,2498.73,1944,354,0,95.46,1
"2016-10-16","13:02:04",-16.393524,-71.501389,2561.01,5436,209,0,65.12,1
"2016-10-16","13:05:09",-16.393282,-71.50132,2571.78,4284,346,0,27.9,1
"2016-10-16","13:08:17",-16.393381,-71.501389,2517.87,0,266,0,13.24,1
"2016-10-16","13:11:26",-16.393637,-71.501228,2443.64,0,193,0,33.25,1
"2016-10-16","13:14:51",-16.393351,-71.50132,2529.1,1044,5,0,33.28,1
"2016-10-16","13:18:38",-16.393288,-71.501305,2526.73,828,191,0,7.19,1
"2016-10-16","13:23:33",-16.393517,-71.501152,2497.07,4896,175,0,30.25,1
"2016-10-16","13:28:34",-16.393597,-71.501213,2447.73,1152,63,0,11.02,1
"2016-10-16","13:31:59",-16.393288,-71.501335,2573.08,1440,215,0,36.74,1
"2016-10-16","13:36:32",-16.39345,-71.50132,2499.88,540,150,0,18.08,1
"2016-10-16","13:40:54",-16.39352,-71.50132,2496.82,5004,178,0,7.78,1
"2016-10-16","13:43:57",-16.393427,-71.501305,2505.2,3708,150,0,10.46,1
"2016-10-16","13:47:01",-16.393555,-71.50132,2495.91,0,2,0,14.32,1
"2016-10-16","13:50:05",-16.393375,-71.501297,2500.2,0,230,0,20.16,1
"2016-10-16","13:53:08",-16.393412,-71.501312,2495.71,792,167,0,4.41,1
"2016-10-16","13:56:11",-16.393553,-71.501305,2500.83,0,134,0,15.7,1
"2016-10-16","13:59:14",-16.393427,-71.501282,2505.29,0,73,0,14.22,1
"2016-10-16","14:02:17",-16.393478,-71.501335,2497.53,0,107,0,8.01,1
"2016-10-16","14:05:19",-16.393635,-71.50132,2496.19,2736,108,0,17.53,1
"2016-10-16","14:08:22",-16.393526,-71.501312,2497.73,0,303,0,12.15,1
"2016-10-16","14:11:24",-16.393209,-71.501259,2515.57,756,223,0,35.7,1
"2016-10-16","14:14:27",-16.393436,-71.501419,2547.84,0,252,0,30.47,1
"2016-10-16","14:17:38",-16.393436,-71.501419,2547.84,0,252,0,0,1
"2016-10-16","14:21:26",-16.393154,-71.501144,2523.11,1152,353,0,42.94,1
"2016-10-16","14:25:59",-16.393154,-71.501144,2523.11,1152,353,0,0,1
"2016-10-16","14:29:07",-16.393396,-71.501343,2512.1,0,184,0,34.27,1
"2016-10-16","14:32:17",-16.393423,-71.501373,2500.66,0,92,0,4.39,1
"2016-10-16","14:35:26",-16.393476,-71.501328,2497.44,1476,112,0,7.6,1
"2016-10-16","14:38:35",-16.393475,-71.501289,2491.63,5508,221,0,4.16,1
"2016-10-16","14:42:04",-16.393423,-71.501328,2500.35,396,160,0,7.12,1
"2016-10-16","14:45:08",-16.393227,-71.501366,2551.7,108,193,0,22.17,1
"2016-10-16","14:48:11",-16.393383,-71.501228,2574.33,0,127,0,22.75,1
"2016-10-16","14:51:14",-16.39336,-71.501358,2526.24,2448,128,0,14.1,1
"2016-10-16","14:54:21",-16.393442,-71.501335,2508.05,540,90,0,9.44,1
"2016-10-16","15:15:06",-16.393295,-71.501389,2516.84,108,158,0,17.33,1
"2016-10-16","15:29:46",-16.393389,-71.50132,2511.67,252,169,0,12.78,1
"2016-10-16","15:32:42",-16.393393,-71.501289,2506.2,0,178,-1,3.34,1
"2016-10-16","15:34:16",-16.393482,-71.501297,2496.59,216,173,-1,9.93,1
"2016-10-16","15:40:51",-16.393373,-71.501297,2514.1,108,169,0,12.12,1
"2016-10-16","15:48:01",-16.393305,-71.501282,2505.5,612,173,-4,7.73,1
"2016-10-17","12:19:27",-16.393328,-71.501236,2486.56,504,40,-2,0,1
"2016-10-17","12:29:46",-16.393309,-71.501366,2514.04,1080,343,-1,14.03,1
"2016-10-17","12:43:52",-16.393379,-71.501289,2516.97,900,262,0,11.32,1
"2016-10-17","12:55:11",-16.393284,-71.501289,2526.63,612,331,0,10.56,1
"2016-10-17","12:58:14",-16.393267,-71.50119,2564.94,1044,104,0,10.73,1
"2016-10-17","13:01:18",-16.393448,-71.501335,2529.81,756,214,0,25.38,1
"2016-10-17","13:04:21",-16.393341,-71.50132,2518.23,828,0,0,12,1
"2016-10-17","13:07:26",-16.393406,-71.501297,2499.15,900,278,0,7.63,1
"2016-10-17","13:10:29",-16.393383,-71.501213,2494.95,2304,25,0,9.32,1
"2016-10-17","13:13:32",-16.393179,-71.500916,2508.85,2592,122,0,38.97,1
"2016-10-17","13:16:35",-16.393265,-71.500801,2489.58,1368,20,-4,15.55,1
"2016-10-17","13:42:48",-16.393448,-71.501373,2510.04,0,232,-2,0,1
"2016-10-17","13:46:18",-16.393463,-71.501442,2507.33,900,63,0,7.55,1
"2016-10-17","13:50:02",-16.393431,-71.501595,2528.93,1152,73,0,16.7,1
"2016-10-17","13:57:59",-16.393383,-71.501366,2512.33,2016,264,0,25,1
"2016-10-17","14:08:22",-16.393383,-71.501366,2512.33,2016,264,0,0,1
"2016-10-17","14:11:42",-16.393528,-71.501389,2504.95,2052,323,0,16.31,1
"2016-10-17","14:16:02",-16.393616,-71.501244,2484.75,612,58,0,18.3,1
"2016-10-17","14:31:00",-16.393616,-71.501244,2484.75,612,58,0,0,1
"2016-10-17","14:34:28",-16.393345,-71.501129,2524,3384,112,0,32.54,1
"2016-10-17","14:37:57",-16.3934,-71.501282,2552.54,2160,354,0,17.43,1
"2016-10-17","14:44:32",-16.393431,-71.501511,2432.24,6732,281,0,24.67,1
"2016-10-17","14:47:07",-16.393431,-71.501396,2473.35,2952,44,-1,12.27,1
"2016-10-17","14:55:31",-16.393404,-71.50145,2497.47,2808,346,0,6.5,1
"2016-10-17","14:59:04",-16.393473,-71.50132,2498.58,504,225,0,15.85,1
"2016-10-17","15:05:00",-16.393402,-71.501205,2502.85,5148,194,0,14.59,1
"2016-10-17","15:08:07",-16.393564,-71.501228,2514.08,1980,199,0,18.18,1
"2016-10-17","15:12:00",-16.393503,-71.501358,2471.31,324,196,0,15.44,1
"2016-10-17","15:17:52",-16.393766,-71.501282,2424.1,900,44,0,30.35,1
"2016-10-17","15:24:12",-16.393694,-71.501343,2515.07,1980,166,0,10.32,1
"2016-10-17","15:29:12",-16.39333,-71.501366,2535.61,0,166,0,40.55,1
"2016-10-17","15:32:16",-16.393509,-71.501305,2456.78,0,0,0,20.94,1
"2016-10-17","15:35:25",-16.393524,-71.50132,2468.87,432,328,0,2.31,1
"2016-10-17","15:38:30",-16.39352,-71.501343,2473.71,1224,139,0,2.49,1
"2016-10-17","15:41:55",-16.393538,-71.50135,2466.9,648,197,0,2.14,1
"2016-10-17","15:45:17",-16.393505,-71.501366,2484.93,792,210,0,4.05,1
"2016-10-17","15:48:24",-16.393486,-71.501335,2498.7,0,192,0,3.92,1
"2016-10-17","15:51:31",-16.39349,-71.501335,2484.21,1440,213,0,0.44,1
"2016-10-17","15:54:38",-16.393454,-71.501312,2479.95,1116,144,0,4.7,1
"2016-10-17","15:57:45",-16.393423,-71.501305,2487.84,180,166,0,3.53,1
"2016-10-17","16:01:03",-16.3934,-71.501335,2496.67,324,158,0,4.1,1
"2016-10-17","16:04:09",-16.3934,-71.501297,2500.22,1440,220,0,4.05,1
"2016-10-17","16:07:51",-16.393517,-71.501305,2511.06,1296,342,0,13.04,1
"2016-10-17","16:12:41",-16.393454,-71.50132,2504.67,2088,188,-4,7.19,1
"2016-10-17","18:16:14",-16.393431,-71.501274,2506.55,1836,82,-2,0,1
"2016-10-17","18:21:14",-16.393394,-71.501198,2544.07,504,265,0,9.09,1
"2016-10-17","18:24:22",-16.393318,-71.501137,2582.23,3888,238,0,10.67,1
"2016-10-17","18:27:52",-16.393373,-71.501213,2543.96,2088,182,0,10.16,1
"2016-10-17","18:32:25",-16.393435,-71.501266,2517.91,1152,227,0,8.92,1
"2016-10-17","18:36:24",-16.393353,-71.501228,2531.8,1440,294,0,9.98,1
"2016-10-17","18:39:34",-16.393408,-71.501244,2539.12,612,206,0,6.35,1
"2016-10-17","18:42:28",-16.393305,-71.500832,2511.76,648,255,-1,45.42,1
"2016-10-17","18:45:34",-16.392904,-71.501953,2485.88,0,0,0,127.62,1
"2016-10-17","18:48:40",-16.393459,-71.502007,2410.55,2952,69,0,61.98,1
"2016-10-17","18:51:55",-16.39398,-71.50248,2494.96,3312,250,0,76.83,1
"2016-10-17","18:55:22",-16.394688,-71.504326,2457.03,3708,175,0,212.07,1
"2016-10-17","19:00:25",-16.396366,-71.507431,2416.2,3132,254,0,380.16,1
"2016-10-17","19:08:21",-16.399439,-71.511337,2429.03,936,173,0,538.86,1
"2016-10-17","19:10:35",-16.401081,-71.512535,2427.8,1944,77,-1,222.86,1
"2016-10-17","19:13:35",-16.401936,-71.514076,2464.13,3348,237,0,189.89,1
"2016-10-17","19:16:37",-16.402569,-71.516281,2394.16,2052,98,0,245.51,1
"2016-10-17","19:19:39",-16.402193,-71.517326,2414.31,648,19,0,119.05,1
"2016-10-17","19:22:48",-16.401485,-71.516403,2414.61,1872,63,0,126.06,1
"2016-10-17","19:25:54",-16.401203,-71.516159,2461.93,3924,221,0,40.75,1
"2016-10-17","19:29:03",-16.401381,-71.516258,2447.5,2304,222,0,22.43,1
"2016-10-17","19:32:09",-16.401323,-71.516266,2456.98,1440,226,0,6.51,1
"2016-10-17","19:35:12",-16.4014,-71.516388,2409.77,7632,290,0,15.58,1
"2016-10-17","19:38:21",-16.401043,-71.516357,2365.22,1260,265,0,39.83,1
"2016-10-17","19:38:47",-16.400936,-71.516365,2400.52,1764,61,-1,11.93,1
"2016-10-17","19:42:02",-16.400923,-71.516373,2444.37,1476,25,0,1.68,1
"2016-10-17","19:45:08",-16.400908,-71.516281,2433.58,1152,109,0,9.95,1
"2016-10-17","19:48:12",-16.400944,-71.516327,2405.89,936,224,0,6.33,1
"2016-10-17","19:51:17",-16.400923,-71.516312,2424.84,3132,260,0,2.83,1
"2016-10-17","19:54:21",-16.400894,-71.516418,2447.11,324,91,-4,11.76,1
"2016-10-17","19:57:24",-16.400715,-71.516304,2426.32,1080,274,-2,0,1
"2016-10-17","20:00:32",-16.400681,-71.515518,2406.67,5616,296,0,83.93,1
"2016-10-17","20:03:37",-16.400078,-71.515755,2448.02,0,90,0,71.66,1
"2016-10-17","20:06:41",-16.39992,-71.515663,2447.16,0,60,0,20.12,1
"2016-10-17","20:09:51",-16.40037,-71.516022,2415.86,1584,63,0,63.01,1
"2016-10-17","20:13:05",-16.400658,-71.516579,2406.3,540,241,0,67.5,1
"2016-10-17","20:16:19",-16.399996,-71.515633,2470.04,1548,109,0,124.91,1
"2016-10-17","20:19:37",-16.40053,-71.516129,2431.55,1188,56,0,79.53,1
"2016-10-17","20:22:48",-16.400375,-71.516006,2422.3,720,263,0,21.66,1
"2016-10-17","20:26:09",-16.400137,-71.515648,2485.24,1260,60,0,46.46,1
"2016-10-17","20:29:18",-16.400177,-71.515663,2476.89,504,348,0,4.73,1
"2016-10-17","20:29:49",-16.400335,-71.515816,2471.27,1260,332,-1,23.98,1
"2016-10-17","20:33:25",-16.399618,-71.515305,2500.06,3852,15,0,96.58,1
"2016-10-17","20:37:34",-16.399975,-71.515091,2557.84,576,94,0,45.79,1
"2016-10-17","20:41:57",-16.400738,-71.515945,2567.4,3996,90,0,124.49,1
"2016-10-17","20:50:18",-16.404745,-71.520042,2392.62,5904,229,0,624.11,1
"2016-10-17","20:51:42",-16.40505,-71.520401,2387.39,1368,201,-1,51.15,1
"2016-10-17","21:02:30",-16.402428,-71.523018,1514.5,180,167,-1,403.64,1
"2016-10-17","21:14:37",-16.40312,-71.523346,1515.34,1116,218,-1,84.53,1
"2016-10-17","21:19:09",-16.401411,-71.51976,1516.9,14976,66,-1,427.12,1
"2016-10-17","21:20:01",-16.403465,-71.518311,2398.56,216,336,0,275.78,1
"2016-10-17","21:30:10",-16.40172,-71.513947,2431.68,9000,53,0,504.33,1
"2016-10-17","21:33:11",-16.400948,-71.512505,2425.22,0,0,0,176.15,1
"2016-10-17","21:34:30",-16.400831,-71.512489,2422.63,3780,239,-1,13.12,1
"2016-10-17","21:35:08",-16.40082,-71.512604,2433.19,1224,270,-1,12.33,1
"2016-10-17","21:36:23",-16.400785,-71.512611,2438.64,1260,106,-1,3.96,1
"2016-10-17","21:39:27",-16.401682,-71.512344,2413.93,432,191,0,103.73,1
"2016-10-17","21:42:30",-16.400921,-71.51252,2433.68,1152,214,0,86.68,1
"2016-10-17","21:45:34",-16.400925,-71.512375,2407.59,252,91,0,15.47,1
"2016-10-17","21:48:39",-16.401039,-71.512802,2449.31,540,86,0,47.28,1
"2016-10-17","21:51:43",-16.400942,-71.512543,2434.04,108,247,0,29.66,1
"2016-10-17","21:54:47",-16.400307,-71.512054,2414.06,10440,79,0,87.79,1
"2016-10-17","21:55:22",-16.400251,-71.51181,2436.32,3276,84,0,26.76,1
"2016-10-17","21:58:26",-16.398811,-71.509346,2445.46,684,257,0,307.77,1
"2016-10-17","22:01:29",-16.398457,-71.509613,2424.07,1044,135,0,48.59,1
"2016-10-17","22:04:32",-16.398825,-71.509377,2477.28,2376,189,0,48.04,1
"2016-10-17","22:07:34",-16.397812,-71.509895,2357.54,11052,68,0,125.46,1
"2016-10-17","22:08:08",-16.397234,-71.509262,2433.13,1512,45,0,93.22,1
"2016-10-17","22:11:23",-16.396673,-71.507843,2508.05,3564,164,0,163.72,1
"2016-10-17","22:14:26",-16.395773,-71.505608,2433.5,612,211,0,258.57,1
"2016-10-17","22:17:31",-16.394651,-71.504784,2448.15,3996,5,0,152.62,1
"2016-10-17","22:20:33",-16.393579,-71.503067,2425.58,7200,143,0,218.53,1
"2016-10-17","22:23:51",-16.39209,-71.501343,2490.3,4536,73,0,247.46,1
"2016-10-17","22:27:36",-16.393303,-71.50029,2724.29,5508,84,0,175.53,1
"2016-10-17","22:31:32",-16.393345,-71.500786,2511.59,1764,117,0,53.12,1
"2016-10-17","22:34:47",-16.392921,-71.500427,2540.45,216,186,0,60.74,1
"2016-10-17","22:38:00",-16.393353,-71.501213,2502.41,5040,249,0,96.63,1
"2016-10-17","22:41:01",-16.393297,-71.500801,2507.48,8136,105,0,44.39,1
"2016-10-17","22:44:31",-16.393393,-71.501305,2515.97,144,287,0,54.81,1
"2016-10-17","22:49:00",-16.393444,-71.501266,2500.5,216,334,0,7.03,1
"2016-10-17","22:55:22",-16.393429,-71.501259,2510.48,1080,196,-4,1.83,1
"2016-10-17","23:20:46",-16.393259,-71.501068,2517.22,6840,61,-2,0,1
"2016-10-17","23:28:12",-16.393259,-71.501068,2517.22,6840,61,0,0,1
"2016-10-17","23:31:35",-16.394156,-71.501297,2371.05,432,92,0,102.69,1
"2016-10-17","23:35:51",-16.393425,-71.501434,2506.35,3204,179,0,82.59,1
"2016-10-17","23:40:03",-16.393354,-71.501289,2472.07,4104,35,0,17.37,1
"2016-10-17","23:45:11",-16.393414,-71.50135,2501.47,3204,352,0,9.32,1
"2016-10-17","23:50:51",-16.393349,-71.501427,2508.26,1008,67,0,10.94,1
"2016-10-17","23:54:18",-16.393494,-71.501335,2502.81,1080,158,0,18.88,1
"2016-10-17","23:58:07",-16.39344,-71.50135,2488.32,4032,131,0,6.21,1
"2016-10-18","00:01:13",-16.393372,-71.501434,2503.34,0,307,0,11.72,1
"2016-10-18","00:04:19",-16.393497,-71.501274,2481.09,1296,118,0,22.01,1
"2016-10-18","00:09:44",-16.393515,-71.501266,2504.7,2736,354,0,2.18,1
"2016-10-18","00:18:36",-16.393478,-71.501289,2508.03,216,134,0,4.79,1
"2016-10-18","00:28:03",-16.393572,-71.501282,2491.98,5832,112,0,10.48,1
"2016-10-18","00:31:43",-16.393574,-71.501221,2480.15,3456,322,0,6.51,1
"2016-10-18","00:40:47",-16.403706,-71.490578,-9.41,63288,141,0,1599.44,1
"2016-10-18","00:41:47",-16.393261,-71.50161,2571.16,1584,259,0,1653.42,1
"2016-10-18","00:53:20",-16.393393,-71.501366,2524.54,972,342,0,29.88,1
"2016-10-18","01:03:24",-16.393692,-71.501198,2522.93,2196,147,0,37.77,1
"2016-10-18","01:14:21",-16.393372,-71.50135,2503.91,1584,303,0,39.1,1
"2016-10-18","01:17:34",-16.393435,-71.501297,2501.75,504,336,0,9,1
"2016-10-18","01:20:40",-16.393412,-71.501297,2502.1,0,119,0,2.56,1
"2016-10-18","01:24:08",-16.393425,-71.501343,2506.19,0,107,0,5.12,1
"2016-10-18","01:29:15",-16.393448,-71.501381,2501.59,0,238,0,4.79,1
"2016-10-18","01:32:18",-16.39348,-71.501312,2507.06,0,93,0,8.18,1
"2016-10-18","01:35:27",-16.393446,-71.501404,2511.54,0,270,0,10.52,1
"2016-10-18","01:38:54",-16.393353,-71.501419,2525.83,1548,312,0,10.46,1
"2016-10-18","01:41:57",-16.393431,-71.501251,2501.21,0,337,0,19.91,1
"2016-10-18","01:45:00",-16.39329,-71.500984,2495.64,1980,261,0,32.51,1
"2016-10-18","01:48:00",-16.393387,-71.501312,2503.46,1116,33,0,36.61,1
"2016-10-18","01:52:19",-16.39344,-71.501541,2513.72,0,0,-1,25.13,1
"2016-10-18","02:05:09",-16.393349,-71.501404,2511.93,1044,204,0,17.78,1
"2016-10-18","02:08:13",-16.394056,-71.502701,2645.46,0,202,0,159.13,1
"2016-10-18","02:15:22",-16.394056,-71.502701,2645.46,0,202,0,0,1
"2016-10-18","02:33:44",-16.393652,-71.50235,2546.36,4500,59,0,58.48,1
"2016-10-18","02:36:46",-16.392754,-71.500702,2549.82,288,237,0,202.18,1
"2016-10-18","02:40:45",-16.392923,-71.5,2568.55,3816,70,-1,77.21,1
"2016-10-18","02:53:49",-16.393307,-71.500877,2551.99,324,192,0,102.84,1
"2016-10-18","03:06:21",-16.393681,-71.501785,2431.05,1116,304,0,105.41,1
"2016-10-18","03:08:20",-16.393372,-71.501144,2534.94,684,138,-1,76.53,1
"2016-10-18","03:17:59",-16.391376,-71.496536,3260.27,1116,228,0,539.34,1
"2016-10-18","03:31:00",-16.391376,-71.496536,3260.27,1116,228,0,0,1
"2016-10-18","03:47:51",-16.393372,-71.501289,2505.1,180,265,0,553.48,1
"2016-10-18","04:04:45",-16.393412,-71.501266,2527.61,576,100,0,5.08,1
"2016-10-18","04:07:50",-16.393446,-71.501289,2527.96,540,89,0,4.51,1
"2016-10-18","04:10:53",-16.393482,-71.501282,2512.7,0,339,0,4.07,1
"2016-10-18","04:13:56",-16.393475,-71.501328,2515.32,684,21,0,4.97,1
"2016-10-18","04:17:00",-16.393461,-71.501266,2490.47,0,221,0,6.79,1
"2016-10-18","04:20:04",-16.393484,-71.501358,2517.6,0,214,0,10.14,1
"2016-10-18","04:23:08",-16.393559,-71.501373,2551.68,0,220,0,8.49,1
"2016-10-18","04:26:11",-16.393438,-71.501228,2497.39,0,72,0,20.5,1
"2016-10-18","04:29:14",-16.393341,-71.501244,2502.05,0,123,0,10.92,1
"2016-10-18","04:32:17",-16.393398,-71.501244,2478.11,0,201,0,6.34,1
"2016-10-18","04:35:20",-16.393436,-71.501251,2520.58,216,214,0,4.29,1
"2016-10-18","04:38:23",-16.393398,-71.501465,2533.67,0,91,0,23.22,1
"2016-10-18","04:41:30",-16.393478,-71.501228,2494.9,1764,6,0,26.8,1
"2016-10-18","04:44:33",-16.393438,-71.501152,2499.05,900,77,0,9.25,1
"2016-10-18","04:47:36",-16.393473,-71.501343,2500.88,0,165,0,20.74,1
"2016-10-18","04:50:39",-16.393532,-71.501335,2494.61,1764,158,0,6.62,1
"2016-10-18","04:53:40",-16.393482,-71.501305,2484.46,612,0,0,6.42,1
"2016-10-18","04:56:41",-16.393414,-71.501266,2507.49,4716,250,0,8.63,1
"2016-10-18","04:59:43",-16.393583,-71.501434,2517.73,8316,88,0,25.97,1
"2016-10-18","05:02:44",-16.393484,-71.501167,2466.45,1836,272,0,30.54,1
"2016-10-18","05:05:48",-16.393478,-71.501289,2498.12,0,311,0,13.03,1
"2016-10-18","05:08:58",-16.393612,-71.501389,2498.31,1440,352,0,18.33,1
"2016-10-18","05:12:01",-16.393583,-71.501434,2511.51,612,178,0,5.78,1
"2016-10-18","05:15:05",-16.393461,-71.501083,2520.28,0,93,0,39.82,1
"2016-10-18","05:18:08",-16.393471,-71.50119,2475.35,0,24,0,11.47,1
"2016-10-18","05:21:17",-16.393391,-71.501335,2549.22,0,358,0,17.84,1
"2016-10-18","05:24:20",-16.393608,-71.501457,2509.36,2232,219,0,27.42,1
"2016-10-18","05:27:22",-16.39362,-71.501045,2514.04,1404,0,0,43.97,1
"2016-10-18","05:30:33",-16.39362,-71.501045,2514.04,1404,0,0,0,1
"2016-10-18","05:33:38",-16.393349,-71.501244,2518.24,0,296,0,36.86,1
"2016-10-18","05:37:23",-16.393496,-71.501282,2498.34,1116,268,0,16.84,1
"2016-10-18","05:43:05",-16.393402,-71.501389,2514.36,0,0,-4,15.48,1
"2016-10-18","09:27:25",-16.393421,-71.501244,2508.53,1188,120,-2,0,1
"2016-10-18","11:37:27",-16.393421,-71.501244,2508.53,1548,216,0,0,1
"2016-10-18","11:41:34",-16.393011,-71.501328,2515.79,324,278,0,46.46,1
"2016-10-18","11:46:45",-16.393179,-71.501236,2459.26,4428,347,0,21.1,1
"2016-10-18","11:49:57",-16.39344,-71.501335,2516.31,1260,161,0,30.88,1
"2016-10-18","11:53:02",-16.393717,-71.501236,2485,0,119,0,32.56,1
"2016-10-18","11:56:08",-16.393049,-71.501335,2503.23,5004,353,0,75.03,1
"2016-10-18","11:59:20",-16.393049,-71.501335,2503.23,5004,353,0,0,1
"2016-10-18","12:02:26",-16.393373,-71.501328,2511.74,0,211,0,36.03,1
"2016-10-18","12:05:30",-16.393486,-71.501358,2525.76,1368,336,0,12.97,1
"2016-10-18","12:08:34",-16.393534,-71.501457,2508.39,1260,322,0,11.83,1
"2016-10-18","12:11:40",-16.393177,-71.501251,2511.49,684,307,0,45.37,1
"2016-10-18","12:14:46",-16.393431,-71.501274,2515.85,0,71,0,28.35,1
"2016-10-18","12:27:41",-16.393431,-71.501274,2515.85,0,71,0,0,1
"2016-10-18","12:31:40",-16.393456,-71.501358,2540.53,1224,158,0,9.38,1
"2016-10-18","12:35:16",-16.393539,-71.501289,2517.86,6552,2,0,11.8,1
"2016-10-18","12:38:29",-16.39356,-71.501289,2515.18,0,25,0,2.34,1
"2016-10-18","12:41:40",-16.393341,-71.501312,2495.88,8856,21,0,24.47,1
"2016-10-18","12:44:55",-16.393408,-71.501198,2512.35,684,249,0,14.26,1
"2016-10-18","12:48:07",-16.3932,-71.501137,2498.81,20628,26,0,24.03,1
"2016-10-18","12:48:46",-16.393524,-71.501282,2502.77,540,29,0,39.21,1
"2016-10-18","12:52:20",-16.393505,-71.50119,2501.16,720,160,0,10.04,1
"2016-10-18","12:55:28",-16.393543,-71.501175,2498.57,0,172,0,4.52,1
"2016-10-18","12:58:33",-16.393398,-71.501259,2506.37,0,339,0,18.45,1
"2016-10-18","13:01:38",-16.39352,-71.501213,2500.16,0,161,0,14.43,1
"2016-10-18","13:04:43",-16.393435,-71.501228,2504.29,0,327,0,9.59,1
"2016-10-18","13:07:47",-16.393297,-71.501282,2510.05,0,176,0,16.39,1
"2016-10-18","13:11:30",-16.393341,-71.501244,2515.1,828,336,0,6.35,1
"2016-10-18","13:22:23",-16.393366,-71.501251,2499.75,0,0,-1,2.88,1
"2016-10-18","13:28:20",-16.393366,-71.501251,2499.75,0,0,0,0,1
"2016-10-18","13:31:32",-16.393244,-71.501289,2503.32,2700,16,0,14.16,1
"2016-10-18","13:44:35",-16.393244,-71.501289,2503.32,2700,16,0,0,1
"2016-10-18","13:47:46",-16.393339,-71.501251,2532.19,324,0,0,11.31,1
"2016-10-18","13:51:18",-16.393459,-71.50132,2512.79,576,164,0,15.24,1
"2016-10-18","13:54:34",-16.393465,-71.501366,2519.35,1476,39,0,4.95,1
"2016-10-18","13:57:41",-16.39325,-71.500877,2519.79,20016,81,0,57.38,1
"2016-10-18","13:58:15",-16.393326,-71.500595,2526.34,5904,326,0,31.25,1
"2016-10-18","14:01:21",-16.393307,-71.500969,2500.24,5616,268,0,39.95,1
"2016-10-18","14:04:27",-16.393539,-71.501259,2476.1,0,292,0,40.28,1
"2016-10-18","14:07:37",-16.393089,-71.501282,2568.07,2664,185,0,50.1,1
"2016-10-18","14:10:47",-16.393322,-71.501312,2539.51,468,359,0,26.11,1
"2016-10-18","14:13:53",-16.393324,-71.501396,2528.83,0,228,0,8.96,1
"2016-10-18","14:16:56",-16.393473,-71.501328,2510.31,3780,337,0,18.09,1
"2016-10-18","14:19:58",-16.393476,-71.501366,2511.5,828,134,0,4.07,1
"2016-10-18","14:23:01",-16.393579,-71.501305,2501.8,432,347,0,13.17,1
"2016-10-18","14:26:04",-16.393438,-71.501358,2508.75,360,198,0,16.67,1
"2016-10-18","14:29:06",-16.393282,-71.501366,2526.74,1440,354,0,17.37,1
"2016-10-18","14:32:30",-16.393457,-71.501282,2521.9,720,186,0,21.42,1
"2016-10-18","14:35:51",-16.393429,-71.50132,2500.51,1260,353,0,5.11,1
"2016-10-18","14:39:09",-16.393333,-71.501328,2542.96,396,350,0,10.71,1
"2016-10-18","14:42:43",-16.39328,-71.501305,2482.77,252,359,0,6.38,1
"2016-10-18","14:46:33",-16.393427,-71.501266,2521.55,3024,339,0,16.87,1
"2016-10-18","14:49:39",-16.393316,-71.501312,2555.7,1836,166,0,13.28,1
"2016-10-18","14:53:03",-16.393288,-71.50132,2515.37,1476,189,0,3.23,1
"2016-10-18","15:00:32",-16.393288,-71.50132,2515.37,1476,189,0,0,1
"2016-10-18","15:15:51",-16.393433,-71.501328,2503.36,684,133,0,16.15,1
"2016-10-18","15:32:18",-16.393335,-71.501312,2512.34,720,189,0,11.03,1
"2016-10-18","15:35:20",-16.393375,-71.501305,2496.06,504,295,0,4.51,1
"2016-10-18","15:38:22",-16.393351,-71.501305,2499.69,0,172,0,2.67,1
"2016-10-18","15:41:24",-16.393379,-71.501289,2497.98,0,167,0,3.55,1
"2016-10-18","15:44:30",-16.393408,-71.501259,2490.18,288,1,0,4.54,1
"2016-10-18","15:47:31",-16.39336,-71.501259,2503.86,0,156,0,5.34,1
"2016-10-18","15:50:33",-16.393429,-71.501274,2505.78,0,235,0,7.84,1
"2016-10-18","15:52:32",-16.393379,-71.501251,2499.84,2052,151,-1,6.08,1
"2016-10-18","15:55:33",-16.393347,-71.501251,2502.16,1620,236,0,3.56,1
"2016-10-18","15:58:35",-16.393284,-71.501289,2515.31,0,12,0,8.09,1
"2016-10-18","16:01:36",-16.393505,-71.501282,2496.23,756,346,0,24.59,1
"2016-10-18","16:04:38",-16.39336,-71.501282,2518.11,0,171,0,16.12,1
"2016-10-18","16:07:39",-16.393368,-71.501289,2506.75,1152,119,0,1.16,1
"2016-10-18","16:10:41",-16.393372,-71.501236,2498.48,1440,181,0,5.67,1
"2016-10-18","16:13:43",-16.393238,-71.501282,2521.73,0,8,0,15.69,1
"2016-10-18","16:16:45",-16.393402,-71.50132,2506.06,0,184,0,18.68,1
"2016-10-18","16:19:48",-16.393112,-71.501205,2508.52,0,17,0,34.5,1
"2016-10-18","16:22:53",-16.393328,-71.501289,2511.38,432,130,0,25.64,1
"2016-10-18","16:27:03",-16.39312,-71.501289,2522.47,6984,1,0,23.13,1
"2016-10-18","16:35:28",-16.393318,-71.501221,2504.24,1512,341,0,23.18,1
"2016-10-18","17:13:31",-16.393456,-71.501312,2514.9,180,28,-1,18.16,1
"2016-10-18","17:28:55",-16.393433,-71.501389,2518.28,360,239,-1,8.6,1
"2016-10-18","17:50:00",-16.392815,-71.500259,2535.9,3492,22,0,138.75,1
"2016-10-18","17:54:38",-16.393425,-71.501404,2502.38,396,343,0,139.71,1
"2016-10-18","18:11:19",-16.393381,-71.501358,2526.08,2412,64,0,6.93,1
"2016-10-18","18:27:27",-16.393433,-71.50135,2500.62,216,85,0,5.84,1
"2016-10-18","18:42:05",-16.393473,-71.501236,2514.75,2700,264,0,12.95,1
"2016-10-18","18:47:29",-16.393456,-71.501625,2509.41,792,68,0,41.54,1
"2016-10-18","18:49:51",-16.393631,-71.501686,2479.93,2412,308,-1,20.52,1
"2016-10-18","18:54:14",-16.393396,-71.501892,2506.83,540,2,0,34.14,1
"2016-10-18","18:57:25",-16.393311,-71.5019,2477.05,468,82,0,9.49,1
"2016-10-18","19:00:31",-16.393108,-71.502312,2474.13,6984,310,0,49.41,1
"2016-10-18","19:03:34",-16.393951,-71.502495,2518.91,0,332,0,95.75,1
"2016-10-18","19:06:41",-16.393421,-71.50312,2433.35,4644,226,0,88.98,1
"2016-10-18","19:09:46",-16.393124,-71.503166,2474.79,756,0,0,33.39,1
"2016-10-18","19:12:46",-16.393124,-71.503052,2447.46,4896,102,0,12.16,1
"2016-10-18","19:15:47",-16.392282,-71.502762,2442.65,4536,83,0,98.6,1
"2016-10-18","19:18:47",-16.392258,-71.501312,2477.64,6336,221,0,154.7,1
"2016-10-18","19:21:46",-16.393064,-71.501381,2501.05,0,0,0,89.92,1
"2016-10-18","19:24:47",-16.393482,-71.501198,2493.04,3060,233,0,50.41,1
"2016-10-18","19:27:47",-16.393148,-71.50132,2498.04,12744,11,0,39.35,1
"2016-10-18","19:28:23",-16.39345,-71.501266,2505.59,10260,167,0,34.07,1
"2016-10-18","19:28:57",-16.393244,-71.500992,2509.5,1260,320,0,37.14,1
"2016-10-18","19:31:58",-16.393446,-71.501228,2505.78,1728,135,0,33.74,1
"2016-10-18","19:35:02",-16.393333,-71.501068,2436.76,3744,235,0,21.19,1
"2016-10-18","19:38:03",-16.393126,-71.501457,2526.34,3384,74,0,47.45,1
"2016-10-18","19:41:26",-16.385416,-71.488091,-47.08,2088,206,0,1663.73,1
"2016-10-18","19:44:49",-16.384481,-71.486038,-53.2,3348,74,0,242.44,1
"2016-10-18","19:48:21",-16.393284,-71.501427,2532.83,1476,334,0,1911.33,1
"2016-10-18","19:52:18",-16.393194,-71.500824,2504.4,0,98,0,65.1,1
"2016-10-18","19:55:19",-16.393127,-71.500877,2515.74,3960,332,-4,9.35,1
"2016-10-18","19:58:19",-16.392967,-71.500923,2519.38,0,0,-2,0,1
"2016-10-18","20:01:20",-16.392982,-71.501404,2501.3,612,149,0,51.34,1
"2016-10-18","20:04:21",-16.39311,-71.501358,2499.51,360,152,0,15.06,1
"2016-10-18","20:05:44",-16.393084,-71.501312,2499.25,2232,119,-4,5.7,1
"2016-10-19","12:54:12",-16.393379,-71.501343,2514.39,180,84,-2,0,1
"2016-10-19","12:54:44",-16.39341,-71.501411,2514.44,684,86,-1,8.03,1
"2016-10-19","13:00:05",-16.393456,-71.50164,2552.41,1908,176,0,24.96,1
"2016-10-19","13:04:34",-16.393475,-71.501305,2505.63,108,332,0,35.8,1
"2016-10-19","13:09:21",-16.392916,-71.501854,2494.58,4932,2,0,85.4,1
"2016-10-19","13:12:25",-16.392712,-71.501991,2483.69,0,310,0,26.98,1
"2016-10-19","13:15:28",-16.392757,-71.502411,2499.3,0,0,0,45.08,1
"2016-10-19","13:18:32",-16.392929,-71.502319,2480.12,6516,165,0,21.5,1
"2016-10-19","13:21:35",-16.393526,-71.502701,2470.05,2412,276,0,77.89,1
"2016-10-19","13:24:39",-16.394299,-71.503036,2480.55,4716,112,0,93.09,1
"2016-10-19","13:27:53",-16.394566,-71.504585,2490.29,1404,95,0,167.88,1
"2016-10-19","13:30:56",-16.395782,-71.505882,2472.62,7200,262,0,193.45,1
"2016-10-19","13:33:59",-16.396627,-71.508331,2433.03,5796,252,0,277.63,1
"2016-10-19","13:37:01",-16.398184,-71.50985,2457.38,5220,116,0,237.13,1
"2016-10-19","13:40:03",-16.397858,-71.509781,2423.16,8676,35,0,36.99,1
"2016-10-19","13:43:06",-16.395885,-71.50631,2436.45,9972,68,0,430.38,1
"2016-10-19","13:43:39",-16.395779,-71.505539,2448.39,4500,163,0,83.09,1
"2016-10-19","13:46:56",-16.394712,-71.505402,2616.32,86112,245,-1,119.54,1
"2016-10-19","13:47:30",-16.393288,-71.502419,2470.14,9180,2,0,355.43,1
"2016-10-19","13:50:31",-16.393156,-71.50135,2508.72,5868,172,0,114.98,1
"2016-10-19","13:53:33",-16.393448,-71.501328,2513.71,0,287,0,32.55,1
"2016-10-19","13:56:43",-16.39337,-71.501419,2533.37,0,265,0,13.02,1
"2016-10-19","13:59:55",-16.393307,-71.501076,2509.53,720,114,0,37.25,1
"2016-10-19","14:03:22",-16.393429,-71.501366,2507.76,3348,295,0,33.78,1
"2016-10-19","14:06:23",-16.393394,-71.501328,2510.91,1188,18,0,5.62,1
"2016-10-19","14:09:25",-16.393553,-71.501411,2510.08,0,22,0,19.77,1
"2016-10-19","14:12:32",-16.393471,-71.501427,2513.73,216,11,0,9.28,1
"2016-10-19","14:15:46",-16.393513,-71.501335,2507.13,684,347,0,10.87,1
"2016-10-19","14:18:56",-16.393435,-71.501373,2504.77,3420,105,0,9.57,1
"2016-10-19","14:21:58",-16.393459,-71.501335,2507.04,1224,46,0,4.85,1
"2016-10-19","14:25:06",-16.393473,-71.501465,2519.35,828,83,0,13.95,1
"2016-10-19","14:28:14",-16.393667,-71.501465,2507.01,2232,170,0,21.57,1
"2016-10-19","14:31:39",-16.393526,-71.501511,2472.29,1512,12,0,16.43,1
"2016-10-19","14:34:50",-16.393433,-71.501404,2494.4,3816,106,0,15.4,1
"2016-10-19","14:38:24",-16.393192,-71.501198,2534.27,1764,277,0,34.66,1
"2016-10-19","14:42:43",-16.393435,-71.501305,2476.87,2484,199,0,29.33,1
"2016-10-19","14:48:00",-16.393316,-71.501305,2517.36,2700,91,0,13.23,1
"2016-10-19","14:51:10",-16.393459,-71.501343,2493.67,720,169,0,16.41,1
"2016-10-19","14:54:14",-16.39328,-71.501244,2542.77,1296,207,0,22.53,1
"2016-10-19","14:58:00",-16.393469,-71.501312,2493.03,936,1,0,22.23,1
"2016-10-19","15:02:28",-16.393333,-71.501289,2516.11,144,357,0,15.32,1
"2016-10-19","15:05:37",-16.393419,-71.501312,2500.78,756,258,0,9.87,1
"2016-10-19","15:08:48",-16.393387,-71.501289,2492.66,432,234,0,4.32,1
"2016-10-19","15:11:58",-16.393337,-71.501328,2515.03,972,250,0,6.94,1
"2016-10-19","15:15:08",-16.393381,-71.501335,2513.51,936,28,0,4.95,1
"2016-10-19","15:18:17",-16.393375,-71.501297,2502.82,324,67,0,4.11,1
"2016-10-19","15:21:25",-16.393333,-71.501305,2513.79,828,158,0,4.75,1
"2016-10-19","15:24:34",-16.393364,-71.501213,2484.61,1368,207,0,10.4,1
"2016-10-19","15:27:44",-16.393463,-71.501244,2442.14,648,231,0,11.49,1
"2016-10-19","15:31:06",-16.393366,-71.501266,2506.57,1440,60,0,11.04,1
"2016-10-19","15:34:18",-16.393433,-71.501312,2486.92,576,148,0,8.92,1
"2016-10-19","15:37:29",-16.39341,-71.501328,2481.97,936,124,0,3.07,1
"2016-10-19","15:40:42",-16.393423,-71.501198,2531.17,792,116,0,13.94,1
"2016-10-19","15:44:12",-16.393373,-71.501114,2595.06,504,268,0,10.55,1
"2016-10-19","15:48:11",-16.393456,-71.502113,2221.03,2052,250,0,106.97,1
"2016-10-19","15:52:44",-16.393385,-71.501144,2529.46,468,0,0,103.67,1
"2016-10-19","15:57:13",-16.393364,-71.501045,2551.17,936,0,0,10.82,1
"2016-10-19","16:01:53",-16.393326,-71.499802,2745.69,432,322,0,132.66,1
"2016-10-19","16:06:45",-16.393377,-71.500916,2574.65,1440,268,0,118.97,1
"2016-10-19","16:11:35",-16.393438,-71.501305,2510.99,288,116,0,42.05,1
"2016-10-19","16:16:16",-16.393435,-71.501343,2513.04,108,215,0,4.07,1
"2016-10-19","16:19:18",-16.393383,-71.50135,2532.37,0,0,0,5.83,1
"2016-10-19","16:22:20",-16.393173,-71.500946,2550.41,14040,240,0,49.02,1
"2016-10-19","16:22:54",-16.393406,-71.501419,2503.62,4644,47,0,56.72,1
"2016-10-19","16:25:55",-16.393381,-71.500786,2514.75,0,6,0,67.58,1
"2016-10-19","16:28:57",-16.392986,-71.500854,2522.22,468,131,0,44.52,1
"2016-10-19","16:31:58",-16.393394,-71.501595,2506.66,0,125,0,91.14,1
"2016-10-19","16:35:05",-16.393339,-71.501213,2525.89,0,107,0,41.21,1
"2016-10-19","16:38:05",-16.39336,-71.501198,2496.35,2268,274,0,2.83,1
"2016-10-19","16:41:09",-16.39349,-71.501236,2503.53,0,92,0,15.01,1
"2016-10-19","16:47:29",-16.39349,-71.501236,2503.53,0,92,0,0,1
"2016-10-19","16:50:38",-16.393398,-71.501228,2516.54,0,126,0,10.27,1
"2016-10-19","18:01:50",-16.393314,-71.50161,2438.91,1800,267,-1,41.81,1
"2016-10-19","18:06:51",-16.393261,-71.50087,2541.03,19332,62,0,79.16,1
"2016-10-19","18:07:46",-16.393478,-71.500504,2538.52,2520,39,0,45.9,1
"2016-10-19","18:26:43",-16.39275,-71.500488,2528.06,720,4,0,80.97,1
"2016-10-19","18:29:57",-16.393045,-71.500885,2523.72,7164,253,0,53.57,1
"2016-10-19","18:36:59",-16.393322,-71.501282,2537.3,720,281,-1,52.37,1
"2016-10-19","18:40:08",-16.39341,-71.50119,2565.14,576,351,0,13.86,1
"2016-10-19","18:43:33",-16.393433,-71.501297,2501.68,720,336,0,11.7,1
"2016-10-19","18:48:59",-16.393492,-71.501266,2493.5,0,0,0,7.35,1
"2016-10-19","18:52:02",-16.393505,-71.501266,2477.16,1548,46,0,1.45,1
"2016-10-19","18:55:32",-16.393415,-71.501358,2501.8,720,184,0,14.02,1
"2016-10-19","18:58:37",-16.393421,-71.501335,2506.41,0,335,0,2.54,1
"2016-10-19","19:01:40",-16.393311,-71.50106,2511.62,8136,62,0,31.78,1
"2016-10-19","19:02:15",-16.392998,-71.50135,2504.1,0,0,-1,46.57,1
"2016-10-19","19:02:37",-16.392931,-71.501366,2484.9,684,268,-1,7.64,1
"2016-10-19","19:05:40",-16.393494,-71.500648,2527.89,0,0,0,98.92,1
"2016-10-19","19:08:42",-16.393343,-71.500946,2516.13,0,250,0,35.95,1
"2016-10-19","19:09:23",-16.393152,-71.501068,2519.83,0,0,-1,24.91,1
"2016-10-19","19:12:24",-16.39304,-71.501068,2501.36,0,0,0,12.45,1
"2016-10-19","19:15:24",-16.393364,-71.500954,2475.02,108,45,0,38.02,1
"2016-10-19","19:18:26",-16.393448,-71.501328,2506.74,0,337,0,40.98,1
"2016-10-19","19:21:26",-16.393421,-71.501343,2520.95,0,353,0,3.4,1
"2016-10-19","19:24:28",-16.393375,-71.501335,2520.16,0,294,0,5.19,1
"2016-10-19","19:27:31",-16.393435,-71.501328,2502.88,1224,109,0,6.71,1
"2016-10-19","19:30:34",-16.393389,-71.501404,2530.44,864,322,0,9.59,1
"2016-10-19","19:33:40",-16.393467,-71.501312,2500.19,360,302,0,13.1,1
"2016-10-19","19:36:50",-16.393354,-71.501312,2519.3,432,167,0,12.57,1
"2016-10-19","19:39:55",-16.393412,-71.501381,2521.02,108,108,0,9.79,1
"2016-10-19","19:42:59",-16.393421,-71.501373,2502.84,1728,148,0,1.32,1
"2016-10-19","19:46:01",-16.393484,-71.501366,2522.54,0,122,0,7.04,1
"2016-10-19","19:49:08",-16.393433,-71.500771,2560.05,2592,147,0,63.72,1
"2016-10-19","19:52:10",-16.392796,-71.500458,2523.8,2232,278,0,78.31,1
"2016-10-19","19:55:12",-16.392797,-71.50045,2531.43,432,0,-4,0.86,1
"2016-10-19","19:58:15",-16.392754,-71.500366,2517.07,4788,163,-2,0,1
"2016-10-19","20:11:23",-16.392754,-71.500366,2517.07,4788,163,0,0,1
"2016-10-19","20:14:29",-16.393017,-71.501381,2491,900,92,0,112.15,1
"2016-10-19","20:17:35",-16.393078,-71.501945,2514.49,1620,325,0,60.55,1
"2016-10-19","20:20:39",-16.393429,-71.5019,2482.26,432,296,0,39.32,1
"2016-10-19","20:23:41",-16.393875,-71.502113,2475.24,5904,247,0,54.55,1
"2016-10-19","20:26:44",-16.394171,-71.502281,2476.16,216,273,0,37.48,1
"2016-10-19","20:29:46",-16.394691,-71.502022,2467.51,1692,167,0,64.08,1
"2016-10-19","20:32:48",-16.394663,-71.502106,2510.63,1620,135,0,9.49,1
"2016-10-19","20:35:48",-16.394552,-71.503128,2451.6,4824,258,0,109.72,1
"2016-10-19","20:38:49",-16.394245,-71.504929,2423.94,8388,300,0,195.13,1
"2016-10-19","20:42:02",-16.394535,-71.506042,2437.41,432,341,0,123.03,1
"2016-10-19","20:45:03",-16.395718,-71.507042,2409.56,2160,343,0,169.36,1
"2016-10-19","20:48:03",-16.396603,-71.508125,2430.86,4284,275,0,151.76,1
"2016-10-19","20:51:05",-16.397102,-71.509201,2442.52,1188,31,0,127.49,1
"2016-10-19","20:54:20",-16.397902,-71.509209,2434.9,864,180,0,88.96,1
"2016-10-19","20:58:55",-16.398716,-71.509468,2426.67,2700,165,0,94.64,1
"2016-10-19","21:05:07",-16.401096,-71.512459,2416.37,7452,114,0,414.53,1
"2016-10-19","21:05:29",-16.40102,-71.512474,2406.65,864,112,-1,8.6,1
"2016-10-19","21:05:48",-16.401077,-71.512581,2400.97,1260,72,-1,13.06,1
"2016-10-19","21:06:14",-16.401041,-71.512482,2400.87,648,68,-1,11.29,1
"2016-10-19","21:09:22",-16.401783,-71.514008,2451.44,3024,170,0,182.49,1
"2016-10-19","21:12:30",-16.401783,-71.516113,2392.83,6516,292,0,224.54,1
"2016-10-19","21:15:39",-16.401381,-71.516312,2367.92,1080,125,0,49.48,1
"2016-10-19","21:19:17",-16.401304,-71.516373,2387.63,900,255,0,10.75,1
"2016-10-19","21:22:25",-16.401257,-71.51638,2432.56,1152,11,0,5.28,1
"2016-10-19","21:25:30",-16.401316,-71.516434,2410.2,792,281,0,8.73,1
"2016-10-19","21:28:35",-16.40106,-71.516418,2562.52,3456,223,0,28.52,1
"2016-10-19","21:31:43",-16.401394,-71.516342,2357.9,1512,263,0,38.01,1
"2016-10-19","21:34:55",-16.401379,-71.516403,2407.28,864,129,0,6.72,1
"2016-10-19","21:38:06",-16.401402,-71.516739,2298.64,1512,71,0,35.93,1
"2016-10-19","21:41:12",-16.400742,-71.516205,2465.81,1620,219,0,92.9,1
"2016-10-19","21:45:42",-16.400919,-71.516312,2406.33,1908,307,0,22.75,1
"2016-10-19","21:52:08",-16.400808,-71.516373,2391.18,2340,230,0,13.95,1
"2016-10-19","21:52:37",-16.400663,-71.51622,2399.76,11160,57,-1,22.94,1
"2016-10-19","21:53:21",-16.400438,-71.516068,2404.57,1080,193,0,29.81,1
"2016-10-19","21:58:28",-16.400694,-71.516174,2433.86,540,102,0,30.63,1
"2016-10-19","22:03:00",-16.400143,-71.515892,2415.45,2196,317,0,68.25,1
"2016-10-19","22:07:46",-16.399628,-71.514107,2429.32,2772,97,0,198.83,1
"2016-10-19","22:12:40",-16.399614,-71.514183,2446.02,612,354,0,8.26,1
"2016-10-19","22:17:44",-16.399527,-71.516273,2440.23,648,249,0,223.15,1
"2016-10-19","22:21:37",-16.400055,-71.517029,2410.02,972,90,0,99.75,1
"2016-10-19","22:25:18",-16.401636,-71.518463,2408.24,3060,161,0,233.03,1
"2016-10-19","22:28:23",-16.402142,-71.518745,2406.63,2880,288,0,63.8,1
"2016-10-19","22:31:28",-16.40139,-71.518982,2440.79,684,327,0,87.36,1
"2016-10-19","22:34:35",-16.401043,-71.5196,2444.44,2592,22,0,76.38,1
"2016-10-19","22:38:43",-16.400629,-71.520531,2485.68,756,294,0,109.46,1
"2016-10-19","22:43:55",-16.400318,-71.520439,2388.06,1152,62,0,35.95,1
"2016-10-19","22:46:56",-16.400307,-71.520523,2439.69,0,154,0,9.04,1
"2016-10-19","22:49:55",-16.401731,-71.519951,2393.13,8352,227,0,169.69,1
"2016-10-19","22:52:53",-16.403046,-71.520531,2403.62,6264,149,0,158.77,1
"2016-10-19","22:55:53",-16.402914,-71.520287,2386.68,8352,304,0,29.88,1
"2016-10-19","22:58:56",-16.402592,-71.520317,2376.29,3312,196,0,35.95,1
"2016-10-19","23:02:00",-16.403309,-71.519775,2386.82,3456,183,0,98.48,1
"2016-10-19","23:05:05",-16.402943,-71.519997,2394.63,3564,7,0,47.09,1
"2016-10-19","23:08:04",-16.402676,-71.520538,2374.99,0,0,0,64.9,1
"2016-10-19","23:11:07",-16.403069,-71.520386,2395.88,2556,172,0,46.61,1
"2016-10-19","23:14:10",-16.403414,-71.520111,2384.56,540,225,0,48.29,1
"2016-10-19","23:17:10",-16.40324,-71.52018,2385.14,0,0,0,20.7,1
"2016-10-19","23:20:10",-16.403229,-71.520218,2379.05,0,0,0,4.23,1
"2016-10-19","23:23:10",-16.403231,-71.520187,2384,0,0,0,3.31,1
"2016-10-19","23:26:10",-16.40336,-71.520195,2405.07,0,0,0,14.37,1
"2016-10-19","23:29:10",-16.40333,-71.52018,2383.47,0,0,0,3.7,1
"2016-10-19","23:32:11",-16.403408,-71.520317,2379.59,108,216,0,16.99,1
"2016-10-19","23:35:11",-16.403393,-71.520042,2392.95,0,0,0,29.38,1
"2016-10-19","23:38:15",-16.403461,-71.519905,2396.81,1332,28,0,16.45,1
"2016-10-19","23:41:18",-16.403347,-71.519836,2374.35,684,0,0,14.66,1
"2016-10-19","23:44:19",-16.403358,-71.519913,2377.62,900,107,0,8.3,1
"2016-10-19","23:47:20",-16.403114,-71.519867,2356.26,684,2,0,27.57,1
"2016-10-19","23:47:36",-16.403097,-71.519745,2425.09,2736,173,-1,13.15,1
"2016-10-19","23:48:08",-16.40317,-71.519753,2358.65,2196,97,-1,8.16,1
"2016-10-19","23:48:46",-16.403179,-71.519958,2268.59,684,309,-1,21.89,1
"2016-10-19","23:51:47",-16.403177,-71.519936,2409.31,3888,41,0,2.36,1
"2016-10-19","23:52:39",-16.403147,-71.519814,2399.23,0,196,-1,13.43,1
"2016-10-19","23:52:50",-16.403008,-71.51989,2451.19,0,325,-1,17.45,1
"2016-10-19","23:55:51",-16.403164,-71.519814,2392.56,0,79,0,19.15,1
"2016-10-19","23:58:51",-16.403141,-71.519852,2395.64,864,122,0,4.79,1
"2016-10-20","00:01:55",-16.402863,-71.520172,2392.72,4536,305,0,46.05,1
"2016-10-20","00:04:56",-16.40291,-71.520844,2353.69,3384,213,0,71.87,1
"2016-10-20","00:07:56",-16.40238,-71.521599,2417.8,5436,302,0,99.8,1
"2016-10-20","00:11:00",-16.401506,-71.523071,2406.29,6876,326,0,184.66,1
"2016-10-20","00:13:59",-16.399956,-71.523834,2392.14,2016,31,0,190.6,1
"2016-10-20","00:16:57",-16.399235,-71.525276,2382.68,3060,282,0,173.46,1
"2016-10-20","00:19:56",-16.399668,-71.525818,2403.61,612,235,0,75.24,1
"2016-10-20","00:22:59",-16.400167,-71.526482,2400.86,2916,215,0,89.98,1
"2016-10-20","00:26:02",-16.400076,-71.526443,2391.74,972,5,0,10.94,1
"2016-10-20","00:29:05",-16.40011,-71.526512,2376.46,360,0,0,8.27,1
"2016-10-20","00:32:10",-16.400141,-71.526436,2370.35,72,84,0,8.81,1
"2016-10-20","00:35:16",-16.399807,-71.526161,2397.89,4608,92,0,47.33,1
"2016-10-20","00:38:19",-16.39933,-71.524452,2420.33,7488,121,0,189.86,1
"2016-10-20","00:41:21",-16.400385,-71.522957,2415.56,5112,61,0,197.97,1
"2016-10-20","00:44:24",-16.401508,-71.51963,2411.69,8316,56,0,376.22,1
"2016-10-20","00:47:24",-16.400766,-71.51767,2396.05,0,0,0,224.76,1
"2016-10-20","00:50:23",-16.40134,-71.516792,2409.55,8064,174,0,113.34,1
"2016-10-20","00:53:26",-16.402456,-71.514984,2413.23,7272,110,0,229.33,1
"2016-10-20","00:58:56",-16.399073,-71.51104,2413.35,1080,299,0,564.36,1
"2016-10-20","01:06:56",-16.398436,-71.51059,2424.83,7416,348,0,85.56,1
"2016-10-20","01:09:56",-16.396217,-71.50721,2437.95,8208,66,0,436.9,1
"2016-10-20","01:12:57",-16.394846,-71.504524,2439.3,8568,35,0,324.56,1
"2016-10-20","01:15:57",-16.39439,-71.503036,2463.24,7704,26,0,166.63,1
"2016-10-20","01:18:57",-16.393967,-71.502319,2476.46,864,108,0,89.79,1
"2016-10-20","01:21:56",-16.392866,-71.5019,2498.94,0,46,0,130.33,1
"2016-10-20","01:24:56",-16.39344,-71.501335,2494.06,468,252,0,87.79,1
"2016-10-20","01:28:04",-16.393448,-71.501335,2512.88,432,340,0,0.89,1
"2016-10-20","01:31:13",-16.393515,-71.501457,2484.4,2628,229,0,15,1
"2016-10-20","01:34:24",-16.393435,-71.50145,2491.31,1980,243,0,8.93,1
"2016-10-20","01:37:47",-16.393456,-71.501343,2503.68,180,55,0,11.65,1
"2016-10-20","01:41:14",-16.393406,-71.501297,2507.57,1116,210,0,7.42,1
"2016-10-20","01:44:41",-16.39336,-71.501221,2519.04,2340,66,0,9.59,1
"2016-10-20","01:48:12",-16.393427,-71.501343,2502.51,1800,281,0,15,1
"2016-10-20","01:52:08",-16.393486,-71.501015,2520.25,972,141,0,35.6,1
"2016-10-20","01:56:47",-16.3934,-71.501038,2531.52,216,118,0,9.87,1
"2016-10-20","02:01:30",-16.393351,-71.501137,2505.22,792,324,0,11.88,1
"2016-10-20","02:04:56",-16.393387,-71.501099,2523.53,2088,249,0,5.7,1
"2016-10-20","02:09:30",-16.393402,-71.501053,2536.06,864,120,0,5.18,1
"2016-10-20","02:14:08",-16.393536,-71.500862,2597.74,3168,318,0,25.24,1
"2016-10-20","02:17:16",-16.393276,-71.501152,2527.6,5076,295,0,42.34,1
"2016-10-20","02:20:21",-16.393326,-71.501015,2507.2,0,249,0,15.64,1
"2016-10-20","02:23:24",-16.393415,-71.501091,2507.25,0,0,0,12.79,1
"2016-10-20","02:26:28",-16.393444,-71.501022,2521.26,288,0,0,8.04,1
"2016-10-20","02:29:32",-16.393452,-71.501015,2516.01,0,117,0,1.16,1
"2016-10-20","02:32:36",-16.393385,-71.501045,2513.78,0,0,0,8.11,1
"2016-10-20","02:35:39",-16.3934,-71.501076,2517.04,0,0,0,3.7,1
"2016-10-20","02:38:42",-16.393402,-71.500969,2549.98,0,0,0,11.42,1
"2016-10-20","02:41:47",-16.393366,-71.501167,2497.43,0,0,0,21.5,1
"2016-10-20","02:44:53",-16.393436,-71.501106,2515.18,0,0,0,10.15,1
"2016-10-20","02:48:03",-16.393375,-71.501076,2517.56,1404,12,0,7.5,1
"2016-10-20","02:51:09",-16.3934,-71.501099,2512.33,0,0,0,3.71,1
"2016-10-20","02:54:14",-16.393394,-71.501137,2502.23,2664,34,0,4.11,1
"2016-10-20","02:57:22",-16.393473,-71.501083,2517.76,0,211,0,10.5,1
"2016-10-20","03:00:30",-16.393436,-71.501167,2518.83,0,164,0,9.86,1
"2016-10-20","03:03:34",-16.393446,-71.501045,2512.84,2124,26,0,13.06,1
"2016-10-20","03:06:37",-16.393583,-71.501205,2483,360,46,0,22.88,1
"2016-10-20","03:09:40",-16.393553,-71.501167,2488.72,468,46,0,5.25,1
"2016-10-20","03:12:42",-16.393467,-71.501251,2484.94,2448,28,0,13.1,1
"2016-10-20","03:15:45",-16.393251,-71.501396,2498.76,1584,54,0,28.57,1
"2016-10-20","03:18:54",-16.393562,-71.501312,2481.77,7452,207,0,35.72,1
"2016-10-20","03:21:59",-16.393429,-71.501015,2496.44,3456,188,0,34.96,1
"2016-10-20","03:25:26",-16.393507,-71.501312,2486.62,1512,39,0,32.85,1
"2016-10-20","03:29:49",-16.393538,-71.501152,2525.81,180,37,0,17.41,1
"2016-10-20","03:36:13",-16.393665,-71.501419,2426.28,4104,50,0,31.79,1
"2016-10-20","03:43:46",-16.393625,-71.50145,2453.78,5796,247,0,5.54,1
"2016-10-20","03:51:43",-16.393324,-71.501266,2501.42,288,4,0,38.8,1
"2016-10-20","04:00:51",-16.393431,-71.50106,2509.98,648,122,0,24.99,1
"2016-10-20","04:03:56",-16.393343,-71.501183,2499.47,720,136,0,16.37,1
"2016-10-20","04:07:03",-16.393347,-71.50116,2535.54,684,109,0,2.49,1
"2016-10-20","04:10:12",-16.393314,-71.501007,2508.84,216,0,0,16.73,1
"2016-10-20","04:13:29",-16.393314,-71.501007,2508.84,216,0,0,0,1
"2016-10-20","04:16:41",-16.393322,-71.501076,2509.96,0,345,0,7.41,1
"2016-10-20","04:19:50",-16.393478,-71.501167,2484.36,1116,16,-4,19.88,1
"2016-10-20","09:39:25",-16.393225,-71.501282,2511.14,1188,33,-2,0,1
"2016-10-20","09:57:59",-16.393225,-71.501282,2511.14,1404,90,0,0,1
"2016-10-20","10:01:01",-16.393204,-71.501144,2505.7,432,186,-4,14.91,1
"2016-10-20","15:03:03",-16.393465,-71.501282,2493.64,1044,208,-2,0,1
"2016-10-20","15:12:58",-16.393465,-71.501282,2493.64,432,65,0,0,1
"2016-10-20","15:16:06",-16.393522,-71.501282,2481.05,936,143,0,6.34,1
"2016-10-20","15:19:11",-16.393471,-71.501274,2493.84,108,13,0,5.73,1
"2016-10-20","15:22:15",-16.39349,-71.501282,2497.52,180,156,0,2.28,1
"2016-10-20","15:25:20",-16.393469,-71.501289,2496.15,396,309,0,2.45,1
"2016-10-20","15:28:20",-16.393385,-71.501289,2507.15,0,13,0,9.34,1
"2016-10-20","15:31:19",-16.393494,-71.501274,2497.53,0,347,0,12.23,1
"2016-10-20","15:34:18",-16.393494,-71.501289,2496.7,0,185,0,1.6,1
"2016-10-20","15:37:19",-16.39337,-71.50132,2502.3,936,19,0,14.18,1
"2016-10-20","15:40:19",-16.393387,-71.501312,2506.62,0,157,0,2.07,1
"2016-10-20","15:43:17",-16.393414,-71.50106,2501.11,1368,340,0,27.05,1
"2016-10-20","15:46:16",-16.393143,-71.500946,2515.63,936,78,0,32.5,1
"2016-10-20","15:49:13",-16.393423,-71.501251,2507.73,6048,241,0,45.03,1
"2016-10-20","15:50:44",-16.393387,-71.501381,2492.87,5832,68,-1,14.43,1
"2016-10-20","15:53:10",-16.393229,-71.501198,2456.58,2844,3,-1,26.26,1
"2016-10-20","16:12:35",-16.393276,-71.501076,2504.82,0,161,0,14.02,1
"2016-10-20","16:15:52",-16.393555,-71.501434,2527.77,2880,288,0,49.2,1
"2016-10-20","16:24:01",-16.393393,-71.501343,2516.15,0,103,0,20.46,1
"2016-10-20","16:28:37",-16.393333,-71.501381,2521.96,144,269,0,7.81,1
"2016-10-20","16:37:44",-16.393389,-71.501114,2491.94,5040,132,0,29.15,1
"2016-10-20","16:41:08",-16.393341,-71.501335,2515.91,3564,333,0,24.17,1
"2016-10-20","16:48:46",-16.393509,-71.501541,2520.06,7236,267,0,28.84,1
"2016-10-20","16:52:05",-16.39304,-71.501083,2534.74,3420,194,0,71.46,1
"2016-10-20","16:55:38",-16.393717,-71.501144,2488.03,9000,56,0,75.56,1
"2016-10-20","16:58:41",-16.393517,-71.50132,2494.64,7272,164,0,29.1,1
"2016-10-20","17:01:41",-16.39349,-71.501381,2497.56,972,89,0,7.17,1
"2016-10-20","17:04:50",-16.39327,-71.501221,2520.66,1260,302,0,29.83,1
"2016-10-20","17:07:50",-16.393337,-71.501305,2514.67,0,212,0,11.65,1
"2016-10-20","17:11:09",-16.393509,-71.50132,2493.28,36,35,0,19.19,1
"2016-10-20","17:14:28",-16.393446,-71.501266,2500.37,2232,211,0,9.07,1
"2016-10-20","17:18:09",-16.393452,-71.50132,2503.18,1836,114,0,5.8,1
"2016-10-20","17:21:29",-16.393476,-71.501381,2512.05,1152,105,0,7.03,1
"2016-10-20","17:24:28",-16.393471,-71.501167,2509.14,0,93,0,22.84,1
"2016-10-20","17:27:26",-16.393574,-71.501511,2506.38,2484,262,0,38.44,1
"2016-10-20","17:30:56",-16.393396,-71.501404,2506.35,792,199,0,22.85,1
"2016-10-20","17:34:06",-16.393337,-71.501556,2460.99,0,135,0,17.49,1
"2016-10-20","17:37:07",-16.39348,-71.501266,2501.77,864,211,0,34.78,1
"2016-10-20","17:40:04",-16.393425,-71.50135,2489.19,5364,134,0,10.85,1
"2016-10-20","17:43:04",-16.39345,-71.501228,2516.94,0,299,0,13.31,1
"2016-10-20","17:46:01",-16.393391,-71.501266,2511.3,396,187,0,7.71,1
"2016-10-20","17:48:58",-16.393396,-71.501297,2519.5,0,204,0,3.35,1
"2016-10-20","17:52:17",-16.393414,-71.501152,2539.88,144,113,0,15.6,1
"2016-10-20","17:55:17",-16.393415,-71.501404,2483.46,0,34,0,26.88,1
"2016-10-20","17:58:35",-16.393362,-71.501488,2459.54,1764,263,0,10.72,1
"2016-10-20","18:01:33",-16.393478,-71.501297,2479.42,792,53,0,24.11,1
"2016-10-20","18:04:31",-16.393421,-71.501259,2511.37,0,73,0,7.52,1
"2016-10-20","18:07:29",-16.393469,-71.501289,2497.2,0,108,0,6.22,1
"2016-10-20","18:10:31",-16.393127,-71.501129,2529.28,504,0,0,41.68,1
"2016-10-20","18:13:30",-16.393261,-71.501038,2527.92,324,85,0,17.78,1
"2016-10-20","18:13:43",-16.393303,-71.500999,2513.53,1260,345,-1,6.25,1
"2016-10-20","18:16:42",-16.393366,-71.501205,2505.16,864,68,0,23.06,1
"2016-10-20","18:19:01",-16.393032,-71.501289,2527.51,0,17,-1,38.2,1
"2016-10-20","18:21:58",-16.392998,-71.500847,2525.99,2412,82,0,47.3,1
"2016-10-20","18:24:59",-16.392685,-71.500458,2533.67,1584,75,0,54.16,1
"2016-10-20","18:27:56",-16.392815,-71.500565,2485.19,0,0,0,18.42,1
"2016-10-20","18:30:52",-16.392797,-71.500557,2504.1,576,67,0,2.18,1
"2016-10-20","18:33:48",-16.392757,-71.50042,2494.46,432,77,0,15.28,1
"2016-10-20","18:36:45",-16.392591,-71.500252,2576.36,252,309,-4,25.73,1
"2016-10-20","18:53:21",-16.393518,-71.501266,2524.81,2592,249,-2,0,1
"2016-10-20","19:06:37",-16.393316,-71.501259,2537.23,8676,5,0,22.47,1
"2016-10-20","19:21:16",-16.393011,-71.501625,2499.6,2196,212,0,51.72,1
"2016-10-20","19:30:53",-16.392773,-71.501755,2494.14,504,215,0,29.88,1
"2016-10-20","19:43:32",-16.39212,-71.502609,2446.82,1188,340,-4,116.5,1
"2016-10-20","19:58:36",-16.396557,-71.507744,2459.66,5832,263,-2,0,1
"2016-10-20","20:01:40",-16.398643,-71.509018,2447.87,5580,256,0,268.83,1
"2016-10-20","20:04:44",-16.398977,-71.510994,2429.61,1728,233,0,214.03,1
"2016-10-20","20:07:47",-16.400253,-71.511932,2426.7,7920,223,0,173.62,1
"2016-10-20","20:10:20",-16.401045,-71.512573,2402.12,0,242,-1,111.49,1
"2016-10-20","20:10:35",-16.401003,-71.512611,2423.63,72,33,-1,6.18,1
"2016-10-20","20:13:40",-16.401814,-71.513733,2408.53,900,122,0,149.85,1
"2016-10-20","20:16:44",-16.402166,-71.514587,2429.67,7956,234,0,99.15,1
"2016-10-20","20:19:55",-16.401527,-71.516159,2406.91,1404,250,0,182.12,1
"2016-10-20","20:22:59",-16.401505,-71.515984,2422.06,1440,251,0,18.83,1
"2016-10-20","20:26:03",-16.401499,-71.516098,2410.76,720,41,0,12.18,1
"2016-10-20","20:29:10",-16.401575,-71.51619,2418.56,0,63,0,12.95,1
"2016-10-20","20:32:14",-16.40163,-71.516006,2394.09,2664,91,0,20.56,1
"2016-10-20","20:35:19",-16.401533,-71.516304,2424.5,4428,56,0,33.57,1
"2016-10-20","20:38:34",-16.401573,-71.516296,2447.05,756,260,0,4.53,1
"2016-10-20","20:41:47",-16.401545,-71.516342,2430.41,3780,68,0,5.81,1
"2016-10-20","20:43:38",-16.401497,-71.516159,2408.23,360,172,-1,20.24,1
"2016-10-20","20:46:50",-16.401482,-71.516167,2482.97,936,354,0,1.87,1
"2016-10-20","20:49:59",-16.401695,-71.51593,2390.92,504,80,0,34.64,1
"2016-10-20","20:53:07",-16.400742,-71.516335,2407.93,1368,218,0,114.44,1
"2016-10-20","20:57:20",-16.400795,-71.516312,2409.24,2160,55,0,6.38,1
"2016-10-20","21:02:25",-16.400358,-71.516144,2415.21,612,292,0,51.79,1
"2016-10-20","21:07:47",-16.400764,-71.516251,2409.65,4716,80,0,46.57,1
"2016-10-20","21:10:52",-16.400911,-71.516304,2408.54,1872,63,0,17.3,1
"2016-10-20","21:14:01",-16.400885,-71.516296,2411.72,504,333,0,3.01,1
"2016-10-20","21:17:07",-16.4009,-71.516273,2410.82,432,0,0,2.97,1
"2016-10-20","21:20:13",-16.400883,-71.516312,2425.18,648,333,0,4.57,1
"2016-10-20","21:23:19",-16.400829,-71.516319,2395.89,144,89,0,6.05,1
"2016-10-20","21:26:37",-16.400963,-71.516182,2419.1,612,104,0,20.87,1
"2016-10-20","21:29:50",-16.400927,-71.516273,2415.56,2700,335,0,10.5,1
"2016-10-20","21:33:00",-16.400991,-71.516388,2392.58,144,84,0,14.18,1
"2016-10-20","21:36:08",-16.400774,-71.516136,2409.43,4536,182,0,36.12,1
"2016-10-20","21:39:24",-16.401188,-71.516594,2412.6,1548,159,0,67.13,1
"2016-10-20","21:42:43",-16.40131,-71.516365,2424.34,396,123,0,27.94,1
"2016-10-20","21:45:56",-16.401133,-71.516563,2425.43,504,123,0,28.87,1
"2016-10-20","21:49:24",-16.401165,-71.51664,2407.06,864,110,0,8.95,1
"2016-10-20","21:53:03",-16.401236,-71.516594,2400.64,612,161,0,9.3,1
"2016-10-20","21:57:00",-16.401222,-71.516579,2406.22,3024,282,0,2.23,1
"2016-10-20","22:01:02",-16.401096,-71.516586,2438.84,1476,124,0,14.03,1
"2016-10-20","22:05:17",-16.401424,-71.51635,2408.67,3276,78,0,44.32,1
"2016-10-20","22:08:22",-16.401363,-71.516403,2406.4,0,29,0,8.83,1
"2016-10-20","22:11:29",-16.401188,-71.516495,2412.03,0,98,0,21.79,1
"2016-10-20","22:14:35",-16.400938,-71.516388,2412.97,396,73,0,30.05,1
"2016-10-20","22:17:40",-16.400888,-71.516335,2412.86,1872,38,0,7.93,1
"2016-10-20","22:20:47",-16.400885,-71.516357,2420.25,0,95,0,2.37,1
"2016-10-20","22:23:52",-16.40086,-71.51754,2386.1,1224,113,0,126.22,1
"2016-10-20","22:26:56",-16.40099,-71.517326,2423.29,0,82,0,27.02,1
"2016-10-20","22:27:48",-16.400965,-71.517082,2458.64,4104,257,-1,26.18,1
"2016-10-20","22:28:13",-16.401056,-71.51709,2433.37,1440,275,-1,10.15,1
"2016-10-20","22:31:17",-16.401056,-71.517334,2369.19,2376,204,0,26.03,1
"2016-10-20","22:34:26",-16.401348,-71.51783,2403.94,324,16,0,62.08,1
"2016-10-20","22:37:28",-16.399958,-71.518814,2427.17,7236,174,0,186.83,1
"2016-10-20","22:40:32",-16.39974,-71.518661,2404,0,66,0,29.22,1
"2016-10-20","22:43:37",-16.399384,-71.518578,2410.02,0,0,0,40.56,1
"2016-10-20","22:46:45",-16.399069,-71.518341,2420.01,4356,37,0,43.2,1
"2016-10-20","22:49:52",-16.397955,-71.517868,2390.8,2592,9,0,133.75,1
"2016-10-20","22:52:58",-16.397541,-71.518585,2408.98,8136,293,0,89.27,1
"2016-10-20","22:56:12",-16.397799,-71.517784,2442.8,1116,22,0,90.13,1
"2016-10-20","22:59:37",-16.397928,-71.517921,2410.8,3240,53,0,20.48,1
"2016-10-20","23:02:55",-16.397686,-71.516876,2412.63,9468,92,0,114.67,1
"2016-10-20","23:06:16",-16.397762,-71.516449,2420.28,216,65,0,46.33,1
"2016-10-20","23:09:25",-16.39765,-71.516304,2425.25,2736,40,0,19.86,1
"2016-10-20","23:12:31",-16.397293,-71.516258,2420.41,7200,23,0,40,1
"2016-10-20","23:15:40",-16.396669,-71.516357,2446.94,1548,169,0,70.18,1
"2016-10-20","23:19:03",-16.396206,-71.516693,2429.49,2448,60,0,62.73,1
"2016-10-20","23:22:12",-16.396112,-71.515541,2433.66,7848,38,0,123.33,1
"2016-10-20","23:25:35",-16.395416,-71.51506,2430.4,1764,45,0,92.86,1
"2016-10-20","23:28:59",-16.394588,-71.514465,2427.53,1188,251,0,111.83,1
"2016-10-20","23:32:31",-16.394304,-71.514603,2437.12,2124,179,0,34.84,1
"2016-10-20","23:35:55",-16.39435,-71.515099,2433.13,2628,115,0,53.16,1
"2016-10-20","23:39:27",-16.394466,-71.515121,2439.01,972,21,0,13.11,1
"2016-10-20","23:42:37",-16.394354,-71.51516,2466.66,1836,102,0,13.13,1
"2016-10-20","23:46:33",-16.394333,-71.515045,2444.7,1872,38,0,12.49,1
"2016-10-20","23:51:28",-16.394615,-71.515182,2433.43,0,13,0,34.6,1
"2016-10-20","23:54:31",-16.395889,-71.515282,2434.72,6876,227,0,142.06,1
"2016-10-20","23:57:35",-16.396896,-71.516098,2433.39,7200,216,0,141.83,1
"2016-10-21","00:00:38",-16.398218,-71.516121,2409.62,0,215,0,147.02,1
"2016-10-21","00:03:40",-16.399565,-71.516258,2412.9,216,317,0,150.49,1
"2016-10-21","00:06:42",-16.399639,-71.515366,2412.99,8856,73,0,95.51,1
"2016-10-21","00:09:44",-16.399651,-71.513306,2397.72,6876,91,0,219.75,1
"2016-10-21","00:12:47",-16.398985,-71.510254,2470.3,6084,52,0,333.88,1
"2016-10-21","00:15:51",-16.398626,-71.509605,2412.35,0,226,0,79.91,1
"2016-10-21","00:18:53",-16.398539,-71.509537,2451.5,288,9,0,12.09,1
"2016-10-21","00:22:07",-16.398645,-71.5093,2430.63,6732,85,0,27.89,1
"2016-10-21","00:25:11",-16.397953,-71.50914,2433.3,936,6,0,78.82,1
"2016-10-21","00:28:14",-16.396517,-71.507889,2457,5724,88,0,208.1,1
"2016-10-21","00:31:16",-16.395737,-71.505638,2442.8,8568,78,0,255.3,1
"2016-10-21","00:34:22",-16.394485,-71.503075,2448.89,6768,69,0,306.81,1
"2016-10-21","00:37:25",-16.392477,-71.502853,2472.31,4212,319,0,224.53,1
"2016-10-21","00:40:26",-16.39246,-71.501991,2477.94,7056,48,0,91.97,1
"2016-10-21","00:43:30",-16.393446,-71.501305,2502.74,5220,207,0,131.82,1
"2016-10-21","00:46:32",-16.393255,-71.50132,2514.73,5580,179,0,21.3,1
"2016-10-21","00:49:35",-16.393555,-71.500862,2465.1,0,0,0,59.16,1
"2016-10-21","00:53:01",-16.393347,-71.501343,2513.38,828,51,0,56.28,1
"2016-10-21","00:56:06",-16.393454,-71.501373,2501.06,1008,56,0,12.32,1
"2016-10-21","00:59:08",-16.39312,-71.500893,2521.25,5904,354,0,63.25,1
"2016-10-21","01:02:12",-16.393288,-71.500992,2534.22,720,0,0,21.46,1
"2016-10-21","01:05:15",-16.393402,-71.500534,2519.77,2268,334,0,50.47,1
"2016-10-21","01:08:19",-16.39344,-71.501328,2507.29,0,317,0,84.8,1
"2016-10-21","01:11:23",-16.393394,-71.501366,2511.75,0,0,0,6.53,1
"2016-10-21","01:14:27",-16.39337,-71.501335,2519.46,12348,154,0,4.25,1
"2016-10-21","01:15:00",-16.393494,-71.501228,2507.03,252,106,0,17.9,1
"2016-10-21","01:18:04",-16.393507,-71.501221,2484,3744,150,0,1.63,1
"2016-10-21","01:21:10",-16.393229,-71.501068,2558.8,0,251,0,34.96,1
"2016-10-21","01:24:32",-16.393242,-71.501106,2578.26,900,351,0,4.3,1
"2016-10-21","01:27:42",-16.393595,-71.501404,2465.53,2844,119,0,50.51,1
"2016-10-21","01:30:50",-16.39345,-71.501266,2511.59,0,27,0,21.83,1
"2016-10-21","01:34:01",-16.393459,-71.50135,2506.67,0,182,0,9.02,1
"2016-10-21","01:37:24",-16.393507,-71.50135,2467.07,3852,69,0,5.34,1
"2016-10-21","01:41:00",-16.393736,-71.501381,2504.33,1980,184,0,25.68,1
"2016-10-21","01:44:32",-16.393333,-71.501274,2511.54,1440,329,0,46.24,1
"2016-10-21","01:48:20",-16.393465,-71.501335,2505.01,288,113,0,16.06,1
"2016-10-21","01:49:23",-16.393446,-71.501251,2499.06,1188,182,-1,9.21,1
"2016-10-21","01:49:34",-16.393204,-71.501106,2502.77,6444,211,-1,31.04,1
"2016-10-21","01:49:55",-16.39345,-71.501373,2533.89,0,0,-1,39.49,1
"2016-10-21","01:57:10",-16.393301,-71.501022,2508.43,828,293,0,40.94,1
"2016-10-21","01:59:46",-16.393333,-71.501106,2502.91,540,202,-1,9.64,1
"2016-10-21","02:04:23",-16.393356,-71.501213,2501.51,1692,282,0,11.7,1
"2016-10-21","02:12:04",-16.393435,-71.501183,2489.38,288,147,0,9.35,1
"2016-10-21","02:12:29",-16.393316,-71.501091,2516.2,0,266,-1,16.47,1
"2016-10-21","02:20:23",-16.393316,-71.501503,2462.76,4608,88,0,43.95,1
"2016-10-21","02:23:49",-16.393415,-71.501175,2518.34,684,110,0,36.68,1
"2016-10-21","02:27:57",-16.393364,-71.501503,2460.73,1116,65,0,35.45,1
"2016-10-21","02:32:59",-16.393408,-71.501228,2491.6,1152,93,0,29.74,1
"2016-10-21","02:38:00",-16.393295,-71.501457,2478.43,432,118,0,27.47,1
"2016-10-21","02:41:26",-16.393309,-71.501007,2540.3,1440,96,0,48.03,1
"2016-10-21","02:45:39",-16.393433,-71.501213,2502.93,1584,136,-1,25.94,1
"2016-10-21","02:50:20",-16.393429,-71.501129,2532.56,684,308,0,8.97,1
"2016-10-21","02:53:45",-16.393343,-71.50045,2662.71,108,0,0,73.06,1
"2016-10-21","03:01:13",-16.39377,-71.502136,2360.85,360,113,0,186.01,1
"2016-10-21","03:17:36",-16.39377,-71.502136,2360.85,360,113,0,0,1
"2016-10-21","03:40:29",-16.393063,-71.501472,2522.94,3744,261,0,105.82,1
"2016-10-21","03:51:04",-16.393076,-71.501465,2534.14,1152,78,-1,1.63,1
"2016-10-21","03:54:08",-16.393099,-71.501358,2530.68,1044,315,-1,11.7,1
"2016-10-21","04:05:29",-16.393404,-71.501343,2514.43,468,33,0,33.95,1
"2016-10-21","04:06:15",-16.393423,-71.501328,2502.56,0,0,-1,2.65,1
"2016-10-21","04:09:16",-16.393333,-71.501183,2514.22,972,190,0,18.42,1
"2016-10-21","04:12:22",-16.393309,-71.500999,2506.82,936,7,0,19.81,1
"2016-10-21","04:15:23",-16.393311,-71.501114,2572.61,648,14,0,12.27,1
"2016-10-21","04:18:24",-16.393398,-71.501205,2492.2,1188,314,0,13.7,1
"2016-10-21","04:21:25",-16.393492,-71.501282,2505.05,0,198,0,13.29,1
"2016-10-21","04:24:31",-16.393042,-71.500679,2527.19,1332,150,0,81.5,1
"2016-10-21","04:27:34",-16.392771,-71.500397,2524.78,2160,25,0,42.58,1
"2016-10-21","04:30:37",-16.392721,-71.500481,2550.28,0,49,0,10.55,1
"2016-10-21","04:33:39",-16.392906,-71.500465,2527.2,576,0,0,20.64,1
"2016-10-21","04:36:50",-16.39319,-71.500847,2523.64,828,193,0,51.55,1
"2016-10-21","04:40:01",-16.393116,-71.500732,2520.97,324,127,0,14.77,1
"2016-10-21","04:43:25",-16.393234,-71.500816,2516.3,720,55,0,15.89,1
"2016-10-21","04:46:28",-16.392893,-71.500717,2586.07,900,176,0,39.36,1
"2016-10-21","04:49:37",-16.393024,-71.500664,2512.07,5220,193,0,15.63,1
"2016-10-21","04:52:42",-16.393415,-71.501221,2527.99,1620,209,-4,73.63,1
"2016-10-21","11:31:25",-16.393393,-71.501038,2516.35,1620,209,-2,0,1
"2016-10-21","11:55:51",-16.393393,-71.501038,2516.35,216,118,0,0,1
"2016-10-21","12:15:11",-16.393415,-71.500984,2557.4,396,209,0,6.26,1
"2016-10-21","12:18:15",-16.393379,-71.501106,2505.97,0,0,0,13.62,1
"2016-10-21","12:21:20",-16.393393,-71.501114,2512.32,0,185,0,1.78,1
"2016-10-21","12:24:24",-16.393406,-71.501076,2515.98,0,331,0,4.3,1
"2016-10-21","12:27:28",-16.393406,-71.501015,2530.99,0,348,0,6.51,1
"2016-10-21","12:30:32",-16.393431,-71.50106,2523.12,0,330,0,5.55,1
"2016-10-21","12:33:36",-16.393438,-71.501076,2519.79,0,359,0,1.88,1
"2016-10-21","12:36:39",-16.393372,-71.50103,2531.46,684,0,0,8.83,1
"2016-10-21","12:39:45",-16.393394,-71.501106,2512.85,252,0,0,8.47,1
"2016-10-21","12:42:51",-16.393404,-71.501045,2523.02,1116,0,0,6.6,1
"2016-10-21","12:45:55",-16.393396,-71.501022,2537.08,756,258,0,2.61,1
"2016-10-21","12:49:02",-16.393349,-71.501068,2546.7,288,24,0,7.17,1
"2016-10-21","12:52:14",-16.393351,-71.501137,2528.46,1044,38,0,7.36,1
"2016-10-21","12:55:18",-16.393431,-71.501007,2494.22,1008,298,0,16.48,1
"2016-10-21","12:58:23",-16.393263,-71.501152,2553.43,720,136,0,24.25,1
"2016-10-21","13:01:28",-16.39344,-71.501099,2488.32,540,10,0,20.48,1
"2016-10-21","13:04:38",-16.393293,-71.501114,2553.13,396,130,0,16.42,1
"2016-10-21","13:07:43",-16.393417,-71.501045,2504.36,0,0,0,15.63,1
"2016-10-21","13:10:52",-16.393391,-71.501091,2516.24,360,0,0,5.7,1
"2016-10-21","13:13:56",-16.393307,-71.501152,2536.29,0,0,0,11.38,1
"2016-10-21","13:16:59",-16.393362,-71.501083,2515.59,0,0,0,9.57,1
"2016-10-21","13:20:01",-16.393398,-71.501053,2498.56,0,0,0,5.13,1
"2016-10-21","13:23:03",-16.393408,-71.501122,2495.18,0,0,0,7.44,1
"2016-10-21","13:26:05",-16.393534,-71.501038,2483.18,0,0,0,16.63,1
"2016-10-21","13:29:07",-16.393335,-71.501137,2510.35,504,322,0,24.52,1
"2016-10-21","13:32:09",-16.393526,-71.500938,2495.8,180,347,0,30.03,1
"2016-10-21","13:35:11",-16.393299,-71.501175,2515.83,0,0,0,35.73,1
"2016-10-21","13:38:14",-16.393562,-71.500748,2517.44,756,0,0,54.13,1
"2016-10-21","13:41:39",-16.393373,-71.50132,2518.36,540,183,0,64.54,1
"2016-10-21","13:45:02",-16.393303,-71.50132,2493.21,2988,336,0,7.78,1
"2016-10-21","13:48:04",-16.393425,-71.50135,2487.31,2160,168,0,13.94,1
"2016-10-21","13:51:07",-16.39337,-71.501389,2487.8,0,35,0,7.4,1
"2016-10-21","13:54:09",-16.393383,-71.501343,2499.4,972,110,0,5.12,1
"2016-10-21","13:57:12",-16.393473,-71.501297,2498.95,0,57,0,11.15,1
"2016-10-21","14:00:15",-16.393402,-71.501381,2505.97,1620,167,0,11.94,1
"2016-10-21","14:03:18",-16.393473,-71.501335,2487.28,2196,340,0,9.3,1
"2016-10-21","14:06:21",-16.393333,-71.501297,2472.05,0,37,0,16.09,1
"2016-10-21","14:09:24",-16.393526,-71.501343,2497.48,3960,55,0,22.01,1
"2016-10-21","14:12:32",-16.393353,-71.501366,2501.58,1476,196,0,19.39,1
"2016-10-21","14:15:36",-16.393368,-71.50132,2496.75,0,21,0,5.18,1
"2016-10-21","14:18:42",-16.393398,-71.50132,2498.96,180,13,0,3.34,1
"2016-10-21","14:22:21",-16.39348,-71.50132,2483.79,1764,327,0,9.12,1
"2016-10-21","14:25:26",-16.393396,-71.501297,2512.99,1296,116,0,9.66,1
"2016-10-21","14:28:31",-16.393478,-71.501297,2492.91,576,134,0,9.12,1
"2016-10-21","14:31:35",-16.393438,-71.501328,2493.27,0,0,0,5.54,1
"2016-10-21","14:34:39",-16.393419,-71.501297,2518.1,0,143,0,3.92,1
"2016-10-21","14:37:43",-16.393557,-71.501152,2581.75,0,0,0,21.79,1
"2016-10-21","14:40:48",-16.39344,-71.501289,2471.83,504,148,0,19.57,1
"2016-10-21","14:43:55",-16.393314,-71.50135,2537.23,1764,7,0,15.45,1
"2016-10-21","14:47:00",-16.393419,-71.50132,2507.26,576,164,0,12.11,1
"2016-10-21","14:50:07",-16.393408,-71.501343,2546.69,648,154,0,2.74,1
"2016-10-21","14:53:13",-16.393429,-71.501312,2531.42,1224,170,0,4.05,1
"2016-10-21","14:56:22",-16.39345,-71.50132,2478,792,1,0,2.49,1
"2016-10-21","14:59:33",-16.393333,-71.501373,2533.16,252,54,0,14.19,1
"2016-10-21","15:02:42",-16.393394,-71.50135,2518.36,684,127,0,7.21,1
"2016-10-21","15:05:51",-16.393438,-71.501328,2525.66,1404,158,0,5.43,1
"2016-10-21","15:09:03",-16.393448,-71.501343,2558.9,900,177,-4,1.95,1
"2016-10-22","06:50:04",-16.393015,-71.501396,2504.16,72,247,-2,0,1
"2016-10-22","06:54:20",-16.393404,-71.501175,2496.72,0,0,0,49.26,1
"2016-10-22","06:57:27",-16.393198,-71.500946,2485.31,1332,182,0,33.49,1
"2016-10-22","06:57:32",-16.393171,-71.50103,2530.53,900,303,-1,9.45,1
"2016-10-22","07:00:44",-16.393179,-71.501083,2520.42,1368,90,0,5.72,1
"2016-10-22","07:04:21",-16.393175,-71.501053,2511.63,0,269,0,3.23,1
"2016-10-22","07:07:55",-16.393167,-71.500969,2499.64,2700,87,0,9,1
"2016-10-22","07:11:01",-16.393112,-71.501129,2565.28,504,82,0,18.13,1
"2016-10-22","07:14:06",-16.393148,-71.500999,2538.63,1224,76,0,14.43,1
"2016-10-22","07:17:11",-16.393126,-71.500969,2492.34,0,79,0,4.03,1
"2016-10-22","07:20:19",-16.393217,-71.501038,2527.22,504,149,0,12.51,1
"2016-10-22","07:23:25",-16.393171,-71.501114,2533.53,0,0,0,9.59,1
"2016-10-22","07:26:33",-16.393213,-71.501122,2542.43,720,303,0,4.75,1
"2016-10-22","07:29:39",-16.393351,-71.501106,2498.9,0,266,0,15.44,1
"2016-10-22","07:32:45",-16.393169,-71.501213,2536.39,0,229,0,23.23,1
"2016-10-22","07:35:51",-16.393307,-71.501144,2509.41,0,0,0,17.02,1
"2016-10-22","07:38:57",-16.39325,-71.501099,2505.67,0,0,0,7.95,1
"2016-10-22","07:42:05",-16.393242,-71.501221,2514.25,684,147,0,13.04,1
"2016-10-22","07:45:12",-16.393242,-71.501221,2505.98,864,358,0,0,1
"2016-10-22","07:48:19",-16.393257,-71.501213,2519.29,0,0,0,1.87,1
"2016-10-22","07:51:19",-16.393244,-71.501236,2524.21,0,173,-1,2.85,1
"2016-10-22","07:53:18",-16.393232,-71.501183,2530.88,3168,13,-1,5.81,1
"2016-10-22","07:53:25",-16.393309,-71.501266,2513.81,0,61,-1,12.32,1
"2016-10-22","07:56:32",-16.39327,-71.501091,2477.16,1152,80,0,19.17,1
"2016-10-22","07:59:41",-16.393518,-71.501099,2564.79,540,201,0,27.59,1
"2016-10-22","08:02:49",-16.393307,-71.501244,2510.82,396,353,0,28.1,1
"2016-10-22","08:05:58",-16.393305,-71.501274,2504.43,540,3,0,3.21,1
"2016-10-22","08:09:05",-16.393307,-71.501259,2514.29,1656,54,0,1.62,1
"2016-10-22","08:12:12",-16.393389,-71.501228,2511.67,576,218,0,9.7,1
"2016-10-22","08:15:19",-16.39332,-71.501266,2508.35,2340,103,0,8.68,1
"2016-10-22","08:18:25",-16.393272,-71.501221,2507.92,0,0,0,7.18,1
"2016-10-22","08:21:31",-16.393333,-71.501289,2497.59,0,0,0,9.93,1
"2016-10-22","08:24:38",-16.393272,-71.501274,2521.54,0,0,0,6.97,1
"2016-10-22","08:27:45",-16.393312,-71.501236,2518.3,0,29,0,6.02,1
"2016-10-22","08:30:51",-16.393238,-71.501251,2514.95,0,0,0,8.38,1
"2016-10-22","08:33:56",-16.393293,-71.501282,2524.22,0,0,0,6.95,1
"2016-10-22","08:37:02",-16.39323,-71.501251,2502.2,0,350,0,7.75,1
"2016-10-22","08:40:09",-16.393318,-71.501419,2504.38,288,0,0,20.42,1
"2016-10-22","08:43:16",-16.393242,-71.501213,2514.69,0,0,0,23.54,1
"2016-10-22","08:46:22",-16.393223,-71.501228,2522.4,0,0,0,2.65,1
"2016-10-22","08:49:30",-16.393255,-71.501297,2502.77,540,125,0,8.18,1
"2016-10-22","08:52:44",-16.393208,-71.501282,2517.48,756,319,0,5.47,1
"2016-10-22","08:56:28",-16.393284,-71.501221,2519.62,5508,195,0,10.67,1
"2016-10-22","08:59:39",-16.393259,-71.501083,2525.51,4464,16,0,14.98,1
"2016-10-22","09:02:50",-16.393328,-71.501152,2531.78,0,320,0,10.63,1
"2016-10-22","09:06:16",-16.393524,-71.50135,2538.42,1440,32,0,30.35,1
"2016-10-22","09:09:31",-16.393147,-71.50116,2494.21,1620,118,0,46.56,1
"2016-10-22","09:12:40",-16.39307,-71.501083,2499.77,4032,62,0,11.86,1
"2016-10-22","09:15:46",-16.393282,-71.501129,2505.12,0,0,0,24.08,1
"2016-10-22","09:17:26",-16.393343,-71.501274,2530.06,0,244,-1,16.89,1
"2016-10-22","09:20:32",-16.393316,-71.501343,2530.41,1152,246,0,7.95,1
"2016-10-22","09:24:01",-16.393217,-71.501221,2506.97,756,202,0,17.05,1
"2016-10-22","09:27:12",-16.393173,-71.500916,2517.83,2448,353,0,32.9,1
"2016-10-22","09:30:27",-16.392876,-71.500366,2568.55,2160,214,0,67.33,1
"2016-10-22","09:33:42",-16.393021,-71.500717,2527.6,5652,257,0,40.77,1
"2016-10-22","09:37:30",-16.393251,-71.501213,2494.97,1008,2,0,58.77,1
"2016-10-22","09:41:49",-16.395105,-71.498383,3616.09,2556,310,-4,365.56,1
"2016-10-22","09:52:31",-16.393242,-71.501083,2553.02,360,43,-2,0,1
"2016-10-22","09:55:37",-16.393181,-71.501114,2519.68,1656,236,0,7.55,1
"2016-10-22","09:58:43",-16.393229,-71.501144,2516.54,216,161,0,6.22,1
"2016-10-22","10:01:48",-16.393204,-71.501038,2539.9,792,282,0,11.64,1
"2016-10-22","10:04:58",-16.393248,-71.50116,2523.77,1152,214,0,13.9,1
"2016-10-22","10:08:06",-16.393248,-71.50116,2505.66,468,18,0,0,1
"2016-10-22","10:11:10",-16.393246,-71.501167,2545.93,792,206,0,0.78,1
"2016-10-22","10:14:16",-16.393173,-71.501099,2534.6,720,287,0,10.89,1
"2016-10-22","10:18:10",-16.393177,-71.501152,2522.45,288,8,0,5.67,1
"2016-10-22","10:21:44",-16.393152,-71.501106,2535.19,1044,4,0,5.64,1
"2016-10-22","10:21:56",-16.393295,-71.50119,2510.56,5256,120,-1,18.25,1
"2016-10-22","10:25:03",-16.39323,-71.50116,2513.13,1764,254,0,7.9,1
"2016-10-22","10:28:08",-16.393242,-71.501083,2537.94,0,0,0,8.32,1
"2016-10-22","10:31:13",-16.39329,-71.501213,2502.75,1260,226,0,14.86,1
"2016-10-22","10:34:19",-16.393229,-71.501114,2523.55,504,149,0,12.55,1
"2016-10-22","10:37:26",-16.393139,-71.500984,2530.51,756,0,0,17.1,1
"2016-10-22","10:40:32",-16.393127,-71.501152,2514.36,1620,347,0,17.97,1
"2016-10-22","10:43:36",-16.393312,-71.501251,2487.68,1008,241,0,23.12,1
"2016-10-22","10:46:40",-16.393261,-71.501312,2503.44,1188,104,0,8.63,1
"2016-10-22","10:49:52",-16.393219,-71.501266,2522.47,324,179,0,6.77,1
"2016-10-22","10:52:58",-16.393171,-71.501236,2561.65,1584,146,0,6.22,1
"2016-10-22","10:56:05",-16.393396,-71.501068,2517.77,720,0,0,30.78,1
"2016-10-22","10:59:13",-16.393427,-71.501076,2480.89,216,240,0,3.55,1
"2016-10-22","11:02:22",-16.393448,-71.501144,2490.41,288,37,0,7.62,1
"2016-10-22","11:05:30",-16.393427,-71.501106,2505.32,1188,346,0,4.68,1
"2016-10-22","11:08:38",-16.393383,-71.500992,2515.9,1044,60,0,13.11,1
"2016-10-22","11:11:46",-16.393379,-71.501144,2500.24,504,230,0,16.22,1
"2016-10-22","11:14:52",-16.393379,-71.501129,2499.45,468,246,0,1.6,1
"2016-10-22","11:17:58",-16.393448,-71.501122,2475.72,216,106,0,7.71,1
"2016-10-22","11:21:06",-16.393373,-71.501106,2508.83,540,227,0,8.51,1
"2016-10-22","11:24:13",-16.393354,-71.501099,2524.12,324,17,0,2.24,1
"2016-10-22","11:27:19",-16.393383,-71.501106,2507.81,0,0,0,3.31,1
"2016-10-22","11:30:24",-16.393377,-71.501099,2511.18,252,32,0,1,1
"2016-10-22","11:33:29",-16.393351,-71.501076,2524.11,0,0,0,3.79,1
"2016-10-22","11:36:34",-16.393286,-71.501038,2520.26,1188,93,0,8.29,1
"2016-10-22","11:39:39",-16.393591,-71.501053,2547.43,540,199,0,33.95,1
"2016-10-22","11:42:44",-16.393473,-71.501236,2485.26,396,0,0,23.52,1
"2016-10-22","11:45:48",-16.393494,-71.501106,2525.14,0,0,0,14.06,1
"2016-10-22","11:48:52",-16.393404,-71.50119,2507.74,396,0,0,13.43,1
"2016-10-22","11:52:06",-16.393261,-71.501251,2474.66,468,346,0,17.18,1
"2016-10-22","11:55:29",-16.393295,-71.501175,2504.43,720,63,0,8.95,1
"2016-10-22","11:58:54",-16.39365,-71.500977,2633.7,432,15,0,44.77,1
"2016-10-22","12:02:21",-16.39348,-71.501175,2537.73,1764,175,0,28.35,1
"2016-10-22","12:06:22",-16.39311,-71.501595,2378.51,2304,298,0,60.83,1
"2016-10-22","12:10:58",-16.39332,-71.501213,2512.52,972,230,0,46.97,1
"2016-10-22","12:15:55",-16.393303,-71.50106,2516.45,1548,287,0,16.43,1
"2016-10-22","12:24:29",-16.393303,-71.50106,2516.45,1548,287,0,0,1
"2016-10-22","12:42:13",-16.392263,-71.499367,3877.99,432,240,0,214.45,1
"2016-10-22","12:45:41",-16.392403,-71.49955,3851.83,1260,256,-1,24.97,1
"2016-10-22","13:03:30",-16.393288,-71.501053,2504.44,360,281,0,188.12,1
"2016-10-22","13:07:38",-16.393385,-71.500587,2499.56,972,76,-1,50.87,1
"2016-10-22","13:10:40",-16.3934,-71.50135,2504.2,0,109,0,81.41,1
"2016-10-22","13:13:43",-16.393429,-71.501404,2498.69,0,112,0,6.6,1
"2016-10-22","13:16:47",-16.393463,-71.501312,2509.24,108,111,0,10.52,1
"2016-10-22","13:19:51",-16.393402,-71.501396,2505.14,324,81,0,11.24,1
"2016-10-22","13:22:54",-16.393454,-71.501427,2518.82,2340,97,0,6.66,1
"2016-10-22","13:25:55",-16.393448,-71.501297,2507.54,0,0,0,13.88,1
"2016-10-22","13:29:05",-16.393456,-71.501389,2504.83,2268,56,0,9.85,1
"2016-10-22","13:32:06",-16.393362,-71.501282,2473.56,1404,61,0,15.48,1
"2016-10-22","13:35:08",-16.393415,-71.501228,2518.68,3276,302,0,8.24,1
"2016-10-22","13:38:11",-16.393429,-71.501122,2528.53,324,214,0,11.41,1
"2016-10-22","13:41:14",-16.393435,-71.501137,2502.94,720,80,0,1.73,1
"2016-10-22","13:44:17",-16.393129,-71.500816,2508.22,3708,265,0,48.27,1
"2016-10-22","13:47:19",-16.393314,-71.50087,2515.45,0,0,0,21.36,1
"2016-10-22","13:50:21",-16.393368,-71.501198,2544.26,432,298,0,35.5,1
"2016-10-22","13:53:24",-16.393465,-71.500893,2514.37,504,329,0,34.28,1
"2016-10-22","13:56:26",-16.393335,-71.501076,2519.82,3420,251,0,24.29,1
"2016-10-22","13:59:27",-16.393396,-71.501244,2478.69,2124,179,0,19.16,1
"2016-10-22","14:02:29",-16.393291,-71.500961,2498.47,720,352,0,32.37,1
"2016-10-22","14:05:31",-16.393152,-71.500969,2509.17,2124,131,0,15.48,1
"2016-10-22","14:08:42",-16.393574,-71.501114,2500.83,432,201,0,49.41,1
"2016-10-22","14:11:48",-16.393375,-71.501007,2497.86,1116,283,0,24.9,1
"2016-10-22","14:15:13",-16.393242,-71.501106,2465.94,1296,270,0,18.17,1
"2016-10-22","14:18:38",-16.393478,-71.501076,2529.76,540,186,0,26.44,1
"2016-10-22","14:22:29",-16.393381,-71.501175,2533.57,1944,197,0,15.1,1
"2016-10-22","15:04:35",-16.393381,-71.501175,2533.57,1944,197,0,0,1
"2016-10-22","15:07:44",-16.393291,-71.501015,2492.62,504,21,0,19.79,1
"2016-10-22","15:09:56",-16.393211,-71.501335,2424.01,576,0,-1,35.28,1
"2016-10-22","15:13:32",-16.393381,-71.50116,2526.61,3816,96,0,26.57,1
"2016-10-22","15:17:08",-16.393475,-71.501083,2538.43,828,207,0,13.29,1
"2016-10-22","15:21:09",-16.39344,-71.501106,2538.05,1116,116,0,4.6,1
"2016-10-22","15:24:38",-16.393412,-71.501305,2500.86,1260,263,0,21.46,1
"2016-10-22","15:28:33",-16.393385,-71.501251,2499.72,936,286,0,6.5,1
"2016-10-22","15:30:25",-16.39336,-71.501045,2528.12,0,255,-1,22.15,1
"2016-10-22","15:33:32",-16.393452,-71.501068,2549.43,3240,281,0,10.52,1
"2016-10-22","15:36:46",-16.393358,-71.501068,2524.22,1980,263,0,10.45,1
"2016-10-22","15:39:55",-16.393429,-71.5009,2546.65,2340,313,0,19.58,1
"2016-10-22","15:43:06",-16.393394,-71.500977,2544.71,144,287,0,9.09,1
"2016-10-22","15:46:17",-16.393377,-71.501068,2517.57,2556,271,0,9.89,1
"2016-10-22","15:49:27",-16.393343,-71.501099,2542.55,0,0,0,5.02,1
"2016-10-22","15:50:48",-16.39341,-71.501091,2528.07,180,0,-1,7.5,1
"2016-10-22","15:53:57",-16.393381,-71.501114,2537.98,684,36,0,4.05,1
"2016-10-22","15:57:07",-16.393379,-71.501106,2531.69,1080,260,0,0.88,1
"2016-10-22","16:00:17",-16.393391,-71.501068,2535.67,828,174,0,4.27,1
"2016-10-22","16:03:32",-16.393366,-71.501183,2535.89,900,204,0,12.58,1
"2016-10-22","16:06:43",-16.393385,-71.501152,2528.53,864,314,0,3.92,1
"2016-10-22","16:09:53",-16.393372,-71.501099,2542.53,3168,64,0,5.84,1
"2016-10-22","16:13:02",-16.39332,-71.501038,2519.71,0,300,0,8.7,1
"2016-10-22","16:16:27",-16.393343,-71.501091,2535.94,828,279,0,6.21,1
"2016-10-22","16:17:03",-16.393433,-71.501129,2517.71,864,75,-1,10.8,1
"2016-10-22","16:23:49",-16.39327,-71.500984,2509.76,1656,36,0,23.83,1
"2016-10-22","16:26:58",-16.393293,-71.501099,2539.54,2556,37,0,12.53,1
"2016-10-22","16:30:30",-16.393246,-71.500832,2510.45,3096,268,0,28.96,1
"2016-10-22","16:34:36",-16.3934,-71.501122,2537.07,6840,249,-4,35.36,1
"2016-10-22","16:41:59",-16.393269,-71.501472,2497.75,720,84,-2,0,1
"2016-10-22","16:43:28",-16.393242,-71.50116,2514.49,1116,220,-1,33.42,1
"2016-10-22","16:49:48",-16.393007,-71.500542,2555.73,3996,229,0,70.91,1
"2016-10-22","16:53:18",-16.393171,-71.501152,2518.41,1188,260,0,67.58,1
"2016-10-22","16:59:54",-16.393276,-71.501328,2491.47,0,0,-1,22.11,1
"2016-10-22","17:18:33",-16.393459,-71.501091,2504.17,0,0,0,32.45,1
"2016-10-22","17:41:55",-16.393196,-71.500801,2519.05,3096,65,0,42.57,1
"2016-10-22","18:01:17",-16.393196,-71.500801,2519.05,3096,65,0,0,1
"2016-10-22","18:04:41",-16.393288,-71.501068,2505.87,2736,341,0,30.26,1
"2016-10-22","18:07:49",-16.392982,-71.501259,2507.27,144,39,0,39.66,1
"2016-10-22","18:10:56",-16.393173,-71.501434,2510.54,4788,45,0,28.28,1
"2016-10-22","18:14:02",-16.393064,-71.501968,2498.17,3420,213,0,58.24,1
"2016-10-22","18:17:10",-16.393032,-71.501991,2497.51,3312,24,0,4.32,1
"2016-10-22","18:20:20",-16.393394,-71.501297,2510.32,216,256,0,84.27,1
"2016-10-22","18:23:40",-16.393154,-71.501015,2549.82,360,264,0,40.21,1
"2016-10-22","18:28:02",-16.393545,-71.501358,2468.61,540,340,0,56.82,1
"2016-10-22","18:33:11",-16.393427,-71.501282,2500.45,720,188,0,15.42,1
"2016-10-22","18:36:14",-16.393366,-71.501251,2533.21,324,212,0,7.55,1
"2016-10-22","18:39:19",-16.393375,-71.501289,2527.39,396,179,0,4.18,1
"2016-10-22","18:42:17",-16.393507,-71.50132,2501.21,360,233,0,15.05,1
"2016-10-22","18:45:16",-16.393389,-71.50119,2528.39,396,249,0,19.09,1
"2016-10-22","18:48:13",-16.393097,-71.501335,2499.69,8172,359,0,35.97,1
"2016-10-22","18:51:32",-16.393358,-71.501251,2519.24,2304,250,0,30.37,1
"2016-10-22","18:54:28",-16.393505,-71.501251,2505.73,1152,179,0,16.35,1
"2016-10-22","18:57:26",-16.39345,-71.501335,2504.55,792,247,0,10.85,1
"2016-10-22","19:00:46",-16.393332,-71.501358,2525,2412,194,0,13.35,1
"2016-10-22","19:03:45",-16.393051,-71.501328,2566.15,0,163,0,31.41,1
"2016-10-22","19:07:06",-16.393427,-71.50135,2508.64,720,290,0,41.88,1
"2016-10-22","19:10:05",-16.39345,-71.501358,2536.6,2700,196,0,2.7,1
"2016-10-22","19:13:12",-16.393473,-71.501404,2517.56,1152,107,0,5.53,1
"2016-10-22","19:16:13",-16.393059,-71.501236,2498.76,0,297,0,49.4,1
"2016-10-22","19:19:11",-16.393311,-71.501144,2518.28,792,312,0,29.69,1
"2016-10-22","19:22:09",-16.392954,-71.501678,2506.56,0,0,0,69.43,1
"2016-10-22","19:25:08",-16.392975,-71.500725,2526.04,0,0,0,101.69,1
"2016-10-22","19:28:06",-16.393003,-71.500229,2555.29,0,73,0,53,1
"2016-10-22","19:31:03",-16.392914,-71.500542,2558.52,6408,59,0,34.82,1
"2016-10-22","19:34:11",-16.392641,-71.500496,2531.12,1728,44,0,30.75,1
"2016-10-22","19:37:08",-16.392805,-71.500343,2530.28,1656,50,0,24.47,1
"2016-10-22","19:40:05",-16.3927,-71.500519,2533.2,0,55,0,22.11,1
"2016-10-22","19:43:00",-16.392563,-71.500443,2548.96,3600,253,0,17.26,1
"2016-10-22","19:45:57",-16.39271,-71.500458,2532.74,0,0,0,16.42,1
"2016-10-22","19:48:54",-16.392477,-71.50032,2550.56,1836,47,0,29.8,1
"2016-10-22","19:51:52",-16.392908,-71.500679,2536.61,4824,58,0,61.35,1
"2016-10-22","19:54:51",-16.392618,-71.500313,2527.55,0,219,-4,50.64,1
"2016-10-22","19:57:02",-16.393223,-71.501007,2529.9,1476,76,-2,0,1
"2016-10-22","19:59:57",-16.393049,-71.500916,2511.23,7236,141,0,21.65,1
"2016-10-22","20:02:53",-16.392908,-71.500862,2518.18,2088,54,0,16.7,1
"2016-10-22","20:05:53",-16.392702,-71.500511,2514.64,3204,227,0,43.89,1
"2016-10-22","20:09:12",-16.394363,-71.502289,2707.72,16848,48,0,264.74,1
"2016-10-22","20:09:47",-16.393116,-71.50106,2533.29,0,64,0,190.83,1
"2016-10-22","20:13:01",-16.393154,-71.501167,2527.45,180,63,0,12.17,1
"2016-10-22","20:15:58",-16.393009,-71.501389,2524.8,5544,310,0,28.65,1
"2016-10-22","20:18:55",-16.393147,-71.501205,2533.24,72,3,0,24.91,1
"2016-10-22","20:21:52",-16.393106,-71.501205,2520.22,1692,199,0,4.56,1
"2016-10-22","20:24:50",-16.393038,-71.501198,2516.31,1152,109,0,7.6,1
"2016-10-22","20:27:48",-16.392992,-71.501228,2496.4,3060,179,0,6.03,1
"2016-10-22","20:30:46",-16.393112,-71.501205,2522.38,0,157,0,13.57,1
"2016-10-22","20:33:44",-16.393244,-71.501076,2503.95,22284,150,0,20.12,1
"2016-10-22","20:34:18",-16.393364,-71.500618,2511.46,1152,213,0,50.65,1
"2016-10-22","20:37:15",-16.392914,-71.500908,2506.55,5076,3,0,58.83,1
"2016-10-22","20:40:11",-16.392977,-71.500931,2526.29,1008,117,0,7.42,1
"2016-10-22","20:43:06",-16.393,-71.500999,2516.61,0,0,0,7.69,1
"2016-10-22","20:46:02",-16.392868,-71.500908,2511.45,612,22,0,17.6,1
"2016-10-22","20:48:59",-16.392406,-71.500977,2481.14,1152,294,0,51.9,1
"2016-10-22","20:52:00",-16.392233,-71.500847,2490.44,972,80,0,23.71,1
"2016-10-22","20:54:57",-16.391893,-71.500992,2488.56,648,301,0,40.85,1
"2016-10-22","20:57:51",-16.391203,-71.501602,2463.89,0,0,0,100.6,1
"2016-10-22","21:00:45",-16.391182,-71.501579,2445.65,252,46,0,3.39,1
"2016-10-22","21:03:39",-16.391037,-71.501762,2492.71,936,2,0,25.32,1
"2016-10-22","21:06:33",-16.391226,-71.501678,2525.09,396,15,0,22.85,1
"2016-10-22","21:09:27",-16.391138,-71.50174,2413.8,108,50,0,11.81,1
"2016-10-22","21:12:24",-16.391167,-71.501694,2527.46,468,84,0,5.87,1
"2016-10-22","21:15:18",-16.391153,-71.501808,2447.12,612,331,0,12.26,1
"2016-10-22","21:18:12",-16.391928,-71.500893,2529.03,396,55,0,130.21,1
"2016-10-22","21:21:05",-16.391874,-71.500999,2504.81,756,63,0,12.8,1
"2016-10-22","21:23:59",-16.391956,-71.500847,2567.99,252,61,0,18.6,1
"2016-10-22","21:26:52",-16.392031,-71.500885,2531.34,432,334,0,9.27,1
"2016-10-22","21:29:46",-16.392958,-71.501099,2525.68,1440,96,0,105.58,1
"2016-10-22","21:33:25",-16.393852,-71.499565,2991.16,6768,110,0,191.47,1
"2016-10-22","21:36:51",-16.392967,-71.501366,2500.77,3204,88,0,215.86,1
"2016-10-22","21:39:35",-16.393221,-71.501099,2521.97,1800,0,-1,40.11,1
"2016-10-22","21:42:32",-16.393053,-71.501205,2504.17,0,74,0,21.84,1
"2016-10-22","21:45:28",-16.393116,-71.501289,2476.13,108,321,0,11.37,1
"2016-10-22","21:48:24",-16.393206,-71.500381,2521.77,792,276,0,97.38,1
"2016-10-22","21:51:20",-16.392998,-71.500038,2599.64,1080,97,0,43.29,1
"2016-10-22","21:54:39",-16.39308,-71.499664,2570.22,3240,125,0,40.92,1
"2016-10-22","21:57:57",-16.393318,-71.499641,2551.87,2196,347,0,26.58,1
"2016-10-22","22:01:14",-16.39282,-71.500008,2548.54,1152,15,0,67.82,1
"2016-10-22","22:04:31",-16.392771,-71.500122,2541.65,3240,342,0,13.33,1
"2016-10-22","22:07:36",-16.392576,-71.500214,2549.86,2592,99,0,23.8,1
"2016-10-22","22:10:31",-16.392715,-71.500595,2517.95,4176,80,0,43.48,1
"2016-10-22","22:13:26",-16.392746,-71.500183,2544.99,4608,193,0,44.08,1
"2016-10-22","22:16:43",-16.393011,-71.500175,2535.88,1224,89,0,29.48,1
"2016-10-22","22:20:00",-16.392857,-71.499947,2566.55,4824,74,0,29.75,1
"2016-10-22","22:23:29",-16.39362,-71.500061,2585.97,1260,117,0,85.71,1
"2016-10-22","22:26:25",-16.393427,-71.500069,2582.82,11844,286,0,21.48,1
"2016-10-22","22:26:58",-16.393639,-71.500023,2605.71,5328,262,0,24.08,1
"2016-10-22","22:30:28",-16.393272,-71.50071,2534.29,180,107,0,83.88,1
"2016-10-22","22:33:35",-16.393295,-71.50074,2542.57,936,25,0,4.1,1
"2016-10-22","22:37:11",-16.393364,-71.500587,2530.78,1692,73,0,18.03,1
"2016-10-22","22:40:20",-16.393412,-71.500946,2514.02,13500,248,0,38.67,1
"2016-10-22","22:40:56",-16.393517,-71.500877,2492.61,1476,19,0,13.8,1
"2016-10-22","22:43:51",-16.393204,-71.500931,2525.19,0,0,0,35.28,1
"2016-10-22","22:46:47",-16.392689,-71.500351,2525.72,0,1,0,84.31,1
"2016-10-22","22:48:26",-16.392708,-71.500496,2534.89,0,320,-1,15.61,1
"2016-10-22","22:51:20",-16.392639,-71.500305,2519.95,3744,242,0,21.77,1
"2016-10-22","22:54:17",-16.392775,-71.500366,2528.35,0,292,0,16.46,1
"2016-10-22","22:57:11",-16.392551,-71.500427,2532.05,0,0,0,25.74,1
"2016-10-22","23:00:07",-16.392408,-71.499588,2529.52,0,39,0,90.9,1
"2016-10-22","23:03:01",-16.392809,-71.500252,2538.82,0,176,0,83.7,1
"2016-10-22","23:05:57",-16.392685,-71.500412,2530.9,0,282,0,21.94,1
"2016-10-22","23:08:50",-16.39316,-71.500397,2480.75,0,0,0,52.84,1
"2016-10-22","23:11:44",-16.392775,-71.500443,2529.85,2052,198,0,43.09,1
"2016-10-22","23:14:41",-16.392704,-71.500465,2536.59,1440,205,0,8.24,1
"2016-10-22","23:17:35",-16.393435,-71.501251,2531.6,0,0,0,116.78,1
"2016-10-22","23:20:29",-16.393402,-71.501297,2505.45,0,350,0,6.13,1
"2016-10-22","23:23:23",-16.392998,-71.500816,2519.12,0,52,0,68.2,1
"2016-10-22","23:26:17",-16.392696,-71.500504,2528.9,0,0,0,47.28,1
"2016-10-22","23:29:17",-16.393051,-71.500694,2517.94,6012,5,0,44.37,1
"2016-10-22","23:32:12",-16.392828,-71.500198,2542.08,1152,290,0,58.43,1
"2016-10-22","23:35:06",-16.392778,-71.500374,2528.5,0,0,0,19.58,1
"2016-10-22","23:38:00",-16.392836,-71.500359,2546.5,0,0,0,6.64,1
"2016-10-22","23:40:55",-16.392715,-71.500465,2549.93,0,0,0,17.58,1
"2016-10-22","23:43:50",-16.392714,-71.500481,2531.41,1044,208,0,1.71,1
"2016-10-22","23:46:45",-16.392864,-71.50042,2539.8,3600,160,0,17.9,1
"2016-10-22","23:49:40",-16.392611,-71.500465,2563.42,2952,300,0,28.54,1
"2016-10-22","23:52:34",-16.392883,-71.500504,2535.64,0,0,0,30.53,1
"2016-10-22","23:55:28",-16.392809,-71.500305,2554.87,0,0,0,22.77,1
"2016-10-22","23:58:22",-16.392754,-71.500031,2569.58,0,98,0,29.86,1
"2016-10-23","00:01:16",-16.392834,-71.500046,2551.9,0,0,0,9.04,1
"2016-10-23","00:04:14",-16.392691,-71.500519,2533.84,792,318,0,52.9,1
"2016-10-23","00:07:11",-16.392706,-71.500473,2525.68,216,0,0,5.18,1
"2016-10-23","00:10:07",-16.392704,-71.500519,2536.96,972,0,0,4.91,1
"2016-10-23","00:13:03",-16.392715,-71.500404,2568.8,1188,0,0,12.33,1
"2016-10-23","00:16:00",-16.392754,-71.500488,2542.89,792,54,0,9.95,1
"2016-10-23","00:18:57",-16.392752,-71.500443,2541.3,648,0,0,4.81,1
"2016-10-23","00:21:55",-16.392717,-71.500542,2553.47,108,0,0,11.26,1
"2016-10-23","00:24:54",-16.392725,-71.500397,2536.42,252,39,0,15.49,1
"2016-10-23","00:27:51",-16.39274,-71.500443,2531.88,540,0,0,5.18,1
"2016-10-23","00:30:48",-16.392723,-71.500427,2543.9,0,214,0,2.55,1
"2016-10-23","00:33:47",-16.39271,-71.50042,2540.33,504,0,0,1.63,1
"2016-10-23","00:36:43",-16.392738,-71.500443,2536.1,3132,262,0,3.96,1
"2016-10-23","00:39:38",-16.392675,-71.50032,2547.4,1944,84,0,14.87,1
"2016-10-23","00:42:58",-16.392775,-71.500511,2536.88,0,69,0,23.21,1
"2016-10-23","00:45:52",-16.39278,-71.500534,2537.01,72,240,0,2.52,1
"2016-10-23","00:48:48",-16.3927,-71.500473,2556.98,504,0,0,11.02,1
"2016-10-23","00:51:43",-16.392654,-71.500374,2557.45,1044,260,0,11.73,1
"2016-10-23","00:54:38",-16.392696,-71.50045,2545.73,1080,0,0,9.36,1
"2016-10-23","00:58:03",-16.392733,-71.500458,2535.36,144,128,0,4.2,1
"2016-10-23","01:00:57",-16.392746,-71.500443,2526.78,0,0,0,2.16,1
"2016-10-23","01:03:50",-16.392763,-71.500481,2535.33,0,0,0,4.47,1
"2016-10-23","01:06:43",-16.392731,-71.500397,2546.04,0,0,0,9.64,1
"2016-10-23","01:09:36",-16.392731,-71.500427,2540.28,0,0,0,3.2,1
"2016-10-23","01:12:29",-16.392727,-71.500473,2531.28,0,0,0,4.93,1
"2016-10-23","01:15:22",-16.392733,-71.50045,2538.64,0,0,0,2.54,1
"2016-10-23","01:18:15",-16.392721,-71.500488,2529.85,0,0,0,4.27,1
"2016-10-23","01:21:08",-16.392717,-71.50042,2538.69,0,0,0,7.27,1
"2016-10-23","01:24:01",-16.392744,-71.500496,2525.23,0,0,0,8.65,1
"2016-10-23","01:26:54",-16.392748,-71.500496,2526.26,0,0,0,0.44,1
"2016-10-23","01:29:48",-16.392738,-71.500465,2534.75,0,83,0,3.49,1
"2016-10-23","01:32:41",-16.392715,-71.50045,2536.18,0,0,0,3.02,1
"2016-10-23","01:35:35",-16.392714,-71.500427,2539.41,0,0,0,2.46,1
"2016-10-23","01:38:28",-16.39271,-71.500481,2530.9,0,0,0,5.78,1
"2016-10-23","01:41:21",-16.392714,-71.50045,2542.26,0,0,0,3.34,1
"2016-10-23","01:44:14",-16.392742,-71.500504,2532.92,0,0,0,6.55,1
"2016-10-23","01:47:08",-16.39275,-71.500443,2537.03,828,350,0,6.57,1
"2016-10-23","01:50:04",-16.392759,-71.500427,2533.25,1404,56,0,1.98,1
"2016-10-23","01:52:59",-16.392771,-71.500481,2534.22,864,80,0,5.91,1
"2016-10-23","01:55:54",-16.392841,-71.500267,2567.84,468,21,0,24.12,1
"2016-10-23","01:58:49",-16.392761,-71.500412,2539.47,576,299,0,17.84,1
"2016-10-23","02:01:58",-16.392403,-71.501183,2420.84,360,5,0,91.37,1
"2016-10-23","02:04:54",-16.392788,-71.500488,2540.79,792,320,0,85.61,1
"2016-10-23","02:07:57",-16.392748,-71.50058,2516.05,1224,119,0,10.77,1
"2016-10-23","02:10:52",-16.392746,-71.500381,2533.69,252,325,0,21.23,1
"2016-10-23","02:13:48",-16.392805,-71.500465,2525.18,108,56,0,11.11,1
"2016-10-23","02:17:01",-16.392735,-71.500465,2531.47,288,59,0,7.78,1
"2016-10-23","02:19:57",-16.392746,-71.500488,2534.51,468,110,0,2.74,1
"2016-10-23","02:22:52",-16.392746,-71.500427,2530.21,0,265,0,6.51,1
"2016-10-23","02:25:46",-16.392746,-71.500435,2537.11,0,140,0,0.85,1
"2016-10-23","02:28:40",-16.393417,-71.501198,2505.18,2412,190,0,110.42,1
"2016-10-23","02:31:35",-16.393423,-71.501228,2520.99,396,179,0,3.27,1
"2016-10-23","02:34:32",-16.393314,-71.500916,2528.2,972,255,0,35.42,1
"2016-10-23","02:37:33",-16.393383,-71.50119,2507.75,1008,73,0,30.22,1
"2016-10-23","02:40:39",-16.393311,-71.501022,2519.6,10836,124,0,19.63,1
"2016-10-23","02:41:26",-16.393303,-71.500702,2533.79,1980,198,0,34.15,1
"2016-10-23","02:44:26",-16.39325,-71.501068,2530.22,0,0,0,39.49,1
"2016-10-23","02:47:26",-16.393274,-71.501175,2502.74,2160,273,-4,11.72,1
